# Tickers - serie diaria completa de la Unidad de Fomento
# fuente: Banco Central de Chile / CMF, via mindicador.cl
# generado: 2026-09-11
# inicio: 1977-08-01
# fin: 2026-10-09
# unidad: centavos de peso (valor x 100); linea vacia = dia sin dato
38910
38951
38991
39032
39073
39114
39155
39196
39237
39285
39334
39383
39431
39480
39529
39577
39626
39675
39724
39773
39822
39872
39921
39970
40019
40069
40118
40168
40218
40267
40317
40367
40417
40466
40516
40566
40617
40667
40717
40767
40812
40858
40904
40949
40995
41041
41086
41132
41178
41224
41270
41316
41362
41408
41454
41500
41547
41593
41639
41686
41732
41779
41826
41872
41919
41966
42012
42059
42106
42153
42202
42252
42301
42351
42401
42450
42500
42550
42600
42650
42700
42750
42800
42850
42901
42951
43001
43052
43102
43153
43203
43254
43305
43356
43406
43457
43508
43559
43610
43661
43713
43773
43833
43893
43953
44014
44074
44135
44195
44256
44317
44377
44438
44499
44560
44622
44683
44744
44805
44867
44929
44990
45052
45114
45176
45238
45300
45362
45424
45487
45549
45581
45613
45645
45677
45709
45741
45773
45806
45838
45870
45902
45934
45967
45999
46031
46063
46096
46128
46161
46193
46225
46258
46290
46323
46355
46388
46421
46453
46486
46518
46551
46597
46643
46689
46735
46781
46827
46873
46919
46965
47012
47058
47104
47151
47197
47244
47290
47337
47384
47430
47477
47524
47571
47617
47664
47711
47758
47805
47852
47900
47947
47994
48025
48055
48086
48116
48147
48178
48209
48239
48270
48301
48332
48362
48393
48424
48455
48486
48517
48548
48579
48609
48640
48671
48702
48734
48765
48796
48827
48858
48895
48933
48970
49008
49045
49083
49120
49158
49196
49233
49271
49309
49346
49384
49422
49460
49498
49535
49573
49611
49649
49687
49725
49763
49801
49840
49878
49916
49954
49992
50031
50079
50126
50174
50222
50270
50318
50366
50414
50462
50510
50558
50606
50655
50703
50751
50800
50848
50897
50945
50994
51042
51091
51140
51188
51237
51286
51335
51384
51433
51482
51525
51567
51610
51653
51696
51738
51781
51824
51867
51910
51953
51996
52039
52082
52125
52169
52212
52255
52298
52342
52385
52428
52472
52515
52559
52602
52646
52689
52733
52777
52821
52858
52894
52931
52968
53004
53041
53078
53115
53151
53188
53225
53262
53299
53336
53373
53410
53447
53484
53521
53558
53595
53632
53669
53707
53744
53781
53818
53856
53893
53930
53964
53999
54033
54068
54103
54137
54172
54206
54241
54276
54310
54345
54380
54414
54449
54484
54519
54554
54589
54623
54658
54693
54728
54763
54798
54833
54868
54903
54938
54973
55009
55053
55097
55141
55185
55229
55273
55317
55361
55405
55449
55493
55537
55582
55626
55670
55715
55759
55803
55848
55892
55937
55981
56026
56071
56115
56160
56205
56250
56294
56339
56384
56436
56488
56540
56592
56644
56696
56748
56801
56853
56905
56958
57010
57063
57115
57168
57221
57273
57326
57379
57432
57485
57537
57590
57644
57697
57750
57803
57856
57909
57963
58016
58070
58124
58177
58231
58285
58338
58392
58446
58500
58554
58608
58662
58716
58770
58825
58879
58933
58988
59042
59096
59151
59206
59260
59315
59370
59424
59479
59534
59589
59644
59681
59719
59756
59794
59831
59869
59907
59944
59982
60019
60057
60095
60132
60170
60208
60246
60284
60321
60359
60397
60435
60473
60511
60549
60587
60625
60663
60701
60739
60777
60802
60828
60853
60878
60904
60929
60955
60980
61005
61031
61056
61082
61107
61133
61158
61184
61209
61235
61260
61286
61311
61337
61362
61388
61413
61439
61465
61490
61516
61541
61567
61597
61626
61656
61685
61715
61745
61774
61804
61834
61863
61893
61923
61953
61982
62012
62042
62072
62102
62131
62161
62191
62221
62251
62281
62311
62341
62371
62401
62431
62460
62491
62540
62588
62637
62686
62734
62783
62832
62881
62930
62979
63028
63077
63126
63175
63224
63273
63322
63371
63421
63470
63519
63569
63618
63668
63717
63767
63816
63866
63899
63911
63964
63997
64030
64063
64095
64128
64161
64194
64227
64260
64293
64325
64358
64391
64424
64457
64490
64523
64556
64590
64623
64656
64689
64722
64755
64788
64821
64855
64888
64948
65008
65067
65127
65187
65247
65307
65368
65428
65488
65548
65609
65669
65730
65790
65851
65911
65972
66033
66094
66155
66215
66276
66337
66399
66460
66521
66582
66643
66705
66760
66816
66871
66926
66982
67037
67093
67148
67204
67260
67315
67371
67427
67483
67539
67595
67651
67707
67763
67819
67875
67931
67987
68044
68100
68157
68213
68270
68326
68383
68439
68495
68552
68608
68665
68721
68778
68834
68891
68948
69005
69061
69118
69175
69232
69289
69346
69403
69461
69518
69575
69632
69690
69747
69804
69862
69919
69977
70035
70092
70150
70206
70262
70318
70374
70430
70486
70542
70598
70655
70711
70767
70824
70880
70937
70993
71050
71106
71163
71220
71276
71333
71390
71447
71504
71561
71618
71675
71732
71789
71846
71904
71986
72068
72151
72233
72315
72398
72481
72563
72646
72729
72812
72895
72978
73062
73145
73229
73312
73396
73480
73564
73648
73732
73816
73900
73984
74069
74153
74238
74323
74408
74493
74607
74721
74836
74951
75065
75180
75296
75411
75527
75642
75758
75874
75990
76107
76223
76340
76457
76574
76692
76809
76927
77045
77163
77281
77399
77518
77637
77756
77875
77994
78090
78187
78283
78380
78477
78574
78671
78768
78865
78963
79060
79158
79255
79353
79451
79549
79648
79746
79844
79943
80042
80141
80240
80339
80438
80537
80637
80736
80836
80936
81036
81100
81164
81228
81293
81357
81421
81486
81550
81615
81679
81744
81808
81873
81938
82003
82068
82132
82197
82262
82327
82393
82458
82523
82588
82654
82719
82784
82850
82915
82981
83037
83092
83148
83204
83260
83315
83371
83427
83483
83539
83595
83651
83707
83763
83820
83876
83932
83988
84045
84101
84158
84214
84270
84327
84383
84440
84497
84553
84610
84667
84724
84783
84843
84903
84962
85022
85082
85141
85201
85261
85321
85381
85441
85501
85561
85621
85681
85741
85801
85862
85922
85982
86043
86103
86163
86224
86285
86345
86406
86466
86527
86588
86650
86712
86774
86837
86899
86961
87023
87086
87148
87211
87273
87336
87398
87461
87524
87587
87649
87712
87775
87838
87901
87964
88027
88090
88153
88216
88280
88343
88406
88457
88508
88559
88610
88661
88712
88763
88814
88865
88916
88967
89019
89070
89121
89172
89224
89275
89327
89378
89429
89481
89532
89584
89635
89687
89739
89790
89842
89894
89946
89997
90083
90169
90255
90341
90427
90513
90599
90686
90772
90859
90945
91032
91119
91206
91293
91380
91467
91554
91641
91729
91816
91904
91991
92079
92167
92255
92343
92431
92519
92607
92681
92755
92829
92903
92977
93051
93125
93199
93273
93348
93422
93496
93571
93645
93720
93795
93870
93944
94019
94094
94169
94244
94319
94394
94470
94545
94620
94696
94771
94847
94922
94994
95066
95138
95210
95282
95355
95427
95499
95572
95644
95717
95789
95862
95935
96007
96080
96153
96226
96299
96372
96445
96518
96591
96665
96738
96811
96885
96958
97032
97105
97164
97223
97282
97341
97400
97459
97519
97578
97637
97696
97756
97815
97874
97934
97993
98053
98112
98172
98232
98291
98351
98411
98471
98530
98590
98650
98710
98770
98830
98890
98950
99013
99076
99140
99203
99267
99330
99393
99457
99521
99584
99648
99711
99775
99839
99903
99967
100030
100094
100158
100222
100286
100350
100415
100479
100543
100607
100671
100736
100800
100865
100929
101002
101076
101149
101222
101296
101369
101443
101516
101590
101664
101738
101811
101885
101959
102033
102107
102181
102255
102330
102404
102478
102553
102627
102701
102776
102851
102925
103000
103075
103149
103218
103287
103357
103426
103495
103565
103634
103704
103773
103843
103912
103982
104052
104122
104192
104261
104331
104401
104471
104541
104611
104682
104752
104822
104892
104963
105033
105104
105174
105245
105315
105415
105516
105616
105717
105818
105919
106020
106121
106222
106323
106425
106526
106628
106729
106831
106933
107035
107137
107239
107341
107444
107546
107649
107751
107854
107957
108060
108163
108266
108369
108459
108549
108639
108729
108819
108909
108999
109089
109180
109270
109361
109451
109542
109633
109723
109814
109905
109996
110087
110179
110270
110361
110453
110544
110636
110727
110819
110911
111003
111095
111187
111255
111322
111390
111457
111525
111593
111661
111728
111796
111864
111932
112000
112068
112136
112204
112272
112341
112409
112477
112545
112614
112682
112751
112819
112888
112956
113025
113093
113162
113231
113300
113364
113429
113493
113557
113622
113686
113751
113815
113880
113944
114009
114073
114138
114203
114268
114332
114397
114462
114527
114592
114657
114722
114787
114852
114917
114982
115048
115113
115124
115135
115146
115158
115169
115180
115191
115202
115213
115224
115235
115247
115258
115269
115280
115291
115302
115313
115325
115336
115347
115358
115369
115380
115391
115403
115414
115425
115436
115447
115458
115489
115519
115550
115581
115611
115642
115673
115704
115734
115765
115796
115827
115857
115888
115919
115950
115981
116011
116042
116073
116104
116135
116165
116196
116227
116258
116289
116320
116351
116382
116427
116472
116516
116561
116606
116651
116696
116741
116786
116831
116876
116921
116966
117011
117056
117101
117146
117191
117236
117281
117326
117371
117417
117462
117507
117552
117597
117643
117688
117733
117779
117830
117880
117931
117982
118033
118084
118134
118185
118236
118287
118338
118389
118440
118491
118542
118593
118644
118695
118746
118798
118849
118900
118951
119002
119054
119105
119156
119207
119259
119310
119314
119318
119322
119325
119329
119333
119337
119341
119345
119348
119352
119356
119360
119364
119368
119372
119375
119379
119383
119387
119391
119395
119399
119402
119406
119410
119414
119418
119422
119425
119429
119452
119475
119498
119521
119544
119567
119590
119614
119637
119660
119683
119706
119729
119752
119775
119798
119821
119845
119868
119891
119914
119937
119960
119983
120007
120030
120053
120076
120099
120122
120146
120194
120242
120289
120337
120385
120433
120481
120529
120577
120625
120673
120721
120769
120817
120865
120913
120961
121009
121057
121105
121153
121202
121250
121298
121346
121395
121443
121491
121539
121588
121623
121658
121693
121729
121764
121799
121834
121869
121905
121940
121975
122010
122046
122081
122116
122152
122187
122222
122258
122293
122328
122364
122399
122434
122470
122505
122541
122576
122611
122647
122682
122694
122707
122719
122731
122743
122756
122768
122780
122792
122805
122817
122829
122841
122854
122866
122878
122890
122903
122915
122927
122940
122952
122964
122976
122989
123001
123013
123025
123038
123050
123058
123066
123074
123082
123090
123098
123106
123113
123121
123129
123137
123145
123153
123161
123169
123177
123185
123193
123201
123209
123217
123225
123233
123240
123248
123256
123264
123272
123280
123288
123296
123316
123336
123356
123375
123395
123415
123435
123455
123475
123495
123514
123534
123554
123574
123594
123614
123634
123654
123673
123693
123713
123733
123753
123773
123793
123813
123833
123853
123873
123893
123912
123943
123974
124005
124036
124066
124097
124128
124159
124190
124221
124252
124283
124314
124345
124376
124407
124438
124469
124500
124531
124562
124593
124624
124655
124686
124717
124748
124779
124747
124714
124682
124650
124617
124585
124553
124521
124488
124456
124424
124392
124359
124327
124295
124263
124231
124198
124166
124134
124102
124070
124038
124005
123973
123941
123909
123877
123845
123813
123781
123797
123814
123830
123847
123863
123880
123896
123913
123929
123946
123962
123979
123995
124012
124028
124045
124061
124078
124094
124111
124127
124144
124160
124177
124193
124210
124227
124243
124260
124276
124272
124268
124264
124260
124256
124252
124248
124244
124240
124236
124232
124228
124224
124220
124216
124212
124208
124204
124200
124196
124192
124188
124184
124180
124176
124172
124168
124164
124160
124156
124152
124131
124111
124090
124069
124048
124028
124007
123986
123965
123945
123924
123903
123883
123862
123841
123821
123800
123779
123758
123738
123717
123696
123676
123655
123634
123614
123593
123573
123552
123531
123559
123587
123614
123642
123670
123698
123726
123754
123781
123809
123837
123865
123893
123921
123947
123977
124004
124032
124060
124088
124116
124144
124172
124200
124228
124256
124284
124312
124340
124368
124396
124475
124555
124635
124714
124794
124874
124954
125033
125113
125193
125273
125353
125433
125513
125594
125674
125754
125835
125915
125995
126076
126157
126237
126318
126399
126479
126560
126641
126722
126803
126884
127017
127151
127284
127418
127552
127686
127820
127954
128089
128223
128358
128493
128628
128763
128898
129034
129169
129305
129441
129577
129713
129849
129985
130122
130259
130395
130532
130670
130807
130944
131122
131300
131479
131657
131836
132015
132195
132374
132554
132734
132915
133096
133276
133458
133639
133821
134002
134184
134367
134549
134732
134915
135099
135282
135466
135650
135835
136019
136204
136389
136575
136789
137003
137217
137431
137646
137862
138077
138293
138510
138726
138943
139160
139378
139596
139814
140033
140252
140471
140691
140911
141132
141352
141573
141795
142017
142239
142461
142684
142907
143131
143281
143431
143581
143732
143882
144033
144184
144335
144487
144638
144789
144941
145093
145245
145397
145550
145702
145855
146008
146161
146314
146467
146621
146774
146928
147082
147236
147390
147545
147700
147854
147911
147968
148025
148082
148139
148196
148253
148310
148367
148424
148481
148538
148595
148653
148710
148767
148824
148882
148939
148996
149054
149111
149168
149226
149283
149341
149398
149456
149513
149571
149628
149723
149819
149914
150010
150105
150201
150297
150393
150488
150584
150680
150776
150872
150969
151065
151161
151257
151354
151450
151547
151643
151740
151837
151934
152030
152127
152224
152321
152326
152331
152336
152341
152346
152350
152355
152360
152365
152370
152375
152380
152385
152390
152395
152400
152405
152409
152414
152419
152424
152429
152434
152439
152444
152449
152454
152459
152463
152468
152473
152569
152664
152760
152856
152952
153048
153144
153240
153336
153433
153529
153625
153722
153818
153915
154011
154108
154205
154301
154398
154495
154592
154689
154786
154883
154981
155078
155175
155273
155370
155518
155667
155815
155964
156113
156261
156410
156560
156709
156859
157008
157158
157308
157458
157608
157759
157909
158060
158210
158361
158512
158664
158815
158967
159118
159270
159422
159574
159726
159879
160031
160105
160179
160254
160328
160402
160477
160551
160625
160700
160774
160849
160923
160998
161073
161147
161222
161297
161372
161446
161521
161596
161671
161746
161821
161896
161971
162046
162121
162196
162271
162354
162437
162520
162604
162687
162770
162854
162937
163021
163104
163188
163271
163355
163438
163522
163606
163690
163774
163857
163941
164025
164109
164193
164277
164362
164446
164530
164614
164699
164783
164867
164967
165067
165168
165268
165368
165469
165569
165670
165770
165871
165972
166073
166173
166274
166375
166476
166578
166679
166780
166881
166983
167084
167185
167287
167389
167490
167592
167694
167796
167898
167999
168148
168298
168447
168597
168747
168897
169047
169197
169347
169498
169648
169799
169950
170101
170252
170403
170555
170706
170858
171010
171161
171314
171466
171618
171771
171923
172076
172229
172382
172535
172662
172788
172915
173042
173169
173296
173423
173550
173678
173805
173933
174060
174188
174316
174444
174572
174700
174828
174956
175085
175213
175342
175471
175599
175728
175857
175986
176115
176245
176374
176503
176643
176782
176922
177062
177202
177342
177482
177623
177763
177904
178045
178185
178326
178467
178608
178750
178891
179033
179174
179316
179458
179600
179742
179884
180026
180168
180311
180454
180596
180739
180814
180890
180965
181040
181116
181191
181267
181342
181418
181494
181569
181645
181721
181796
181872
181948
182024
182100
182175
182251
182327
182403
182479
182555
182631
182708
182784
182860
182936
183012
183089
183124
183160
183195
183230
183266
183301
183336
183372
183407
183443
183478
183513
183549
183584
183620
183655
183691
183726
183762
183797
183832
183868
183903
183939
183974
184010
184045
184081
184116
184152
184188
184194
184201
184207
184213
184220
184226
184232
184239
184245
184251
184258
184264
184271
184277
184283
184290
184296
184302
184309
184315
184321
184328
184334
184340
184347
184353
184359
184366
184372
184360
184348
184336
184324
184312
184301
184289
184277
184265
184253
184241
184229
184217
184205
184193
184182
184170
184158
184146
184134
184122
184110
184098
184086
184075
184063
184051
184039
184027
184015
184003
184155
184306
184458
184610
184762
184914
185066
185219
185371
185524
185677
185829
185982
186136
186289
186442
186596
186749
186903
187057
187211
187365
187520
187674
187828
187983
188138
188293
188448
188603
188694
188784
188875
188966
189056
189147
189238
189329
189420
189511
189602
189693
189784
189875
189967
190058
190149
190241
190332
190423
190515
190606
190698
190790
190881
190973
191065
191156
191248
191340
191432
191508
191584
191660
191737
191813
191889
191966
192042
192118
192195
192271
192348
192424
192501
192577
192654
192730
192807
192884
192960
193037
193114
193191
193268
193344
193421
193498
193575
193652
193729
193810
193891
193971
194052
194133
194214
194295
194376
194457
194538
194619
194700
194781
194862
194944
195025
195106
195187
195269
195350
195432
195513
195594
195676
195757
195839
195921
196002
196084
196166
196247
196304
196360
196417
196474
196531
196588
196644
196701
196758
196815
196872
196929
196986
197043
197100
197157
197214
197271
197328
197385
197442
197499
197556
197613
197670
197727
197784
197842
197899
197956
198013
198033
198053
198072
198092
198112
198132
198151
198171
198191
198211
198231
198250
198270
198290
198310
198330
198349
198369
198389
198409
198429
198448
198468
198488
198508
198528
198548
198567
198587
198607
198790
198974
199157
199341
199525
199709
199893
200078
200262
200447
200632
200817
201002
201188
201373
201559
201745
201931
202118
202304
202491
202677
202864
203052
203239
203426
203614
203802
203990
204178
204367
204905
205444
205984
206526
207069
207614
208160
208707
209256
209807
210359
210912
211467
212023
212581
213140
213701
214263
214827
215392
215958
216526
217096
217667
218240
218814
219389
219966
220545
221125
221210
221295
221380
221466
221551
221636
221721
221807
221892
221978
222063
222148
222234
222319
222405
222491
222576
222662
222748
222833
222919
223005
223091
223177
223262
223348
223434
223520
223606
223692
223778
223878
223979
224079
224180
224280
224381
224482
224582
224683
224784
224885
224986
225086
225187
225288
225390
225491
225592
225693
225794
225896
225997
226098
226200
226301
226403
226504
226606
226707
226809
226911
227159
227406
227654
227903
228151
228400
228649
228899
229149
229399
229649
229899
230150
230401
230653
230904
231156
231408
231661
231913
232166
232420
232673
232927
233181
233436
233690
233945
234094
234244
234394
234544
234696
234843
234993
235144
235294
235444
235595
235745
235896
236047
236197
236348
236499
236650
236802
236953
237104
237256
237408
237559
237711
237863
238015
238167
238319
238472
238624
238844
239064
239284
239504
239725
239946
240167
240388
240609
240831
241052
241274
241497
241719
241942
242164
242388
242611
242834
243058
243282
243506
243730
243954
244179
244404
244629
244854
245080
245305
245485
245665
245845
246026
246206
246387
246568
246749
246930
247111
247292
247474
247655
247837
248019
248201
248383
248565
248748
248930
249113
249296
249479
249662
249845
250028
250212
250395
250579
250763
250947
251113
251279
251444
251610
251777
251943
252109
252276
252442
252609
252776
252943
253110
253277
253444
253611
253779
253946
254114
254282
254450
254618
254786
254954
255123
255291
255460
255628
255797
255966
256266
256567
256868
257169
257470
257772
258075
258377
258680
258984
259287
259591
259896
260201
260506
260811
261117
261423
261730
262037
262344
262652
262960
263268
263577
263886
264195
264505
264815
265126
265437
265548
265658
265769
265880
265991
266101
266212
266323
266434
266545
266656
266767
266879
266990
267101
267212
267324
267435
267547
267658
267770
267881
267993
268105
268216
268328
268440
268552
268664
268776
268888
268968
269049
269129
269209
269290
269370
269451
269531
269612
269692
269773
269853
269934
270015
270095
270176
270257
270337
270418
270499
270580
270661
270741
270822
270903
270984
271065
271146
271227
271308
271412
271517
271621
271726
271830
271935
272040
272144
272249
272354
272459
272564
272669
272774
272878
272984
273089
273194
273299
273404
273509
273614
273720
273825
273931
274036
274141
274247
274352
274458
274564
274700
274837
274973
275110
275246
275383
275519
275656
275793
275930
276067
276204
276341
276478
276616
276753
276890
277028
277165
277303
277440
277578
277716
277854
277992
278130
278268
278406
278544
278682
278825
278968
279110
279253
279396
279540
279683
279826
279969
280113
280256
280400
280543
280687
280831
280975
281118
281262
281406
281551
281695
281839
281983
282128
282272
282417
282562
282706
282851
282996
283141
283259
283377
283495
283613
283731
283850
283968
284086
284205
284323
284442
284560
284679
284797
284916
285035
285154
285272
285391
285510
285629
285748
285867
285987
286106
286225
286344
286464
286583
286702
286822
287095
287368
287642
287916
288190
288464
288739
289014
289289
289564
289840
290116
290392
290668
290945
291222
291499
291777
292054
292332
292611
292889
293168
293447
293727
294006
294286
294566
294651
294736
294822
294907
294992
295077
295163
295248
295333
295419
295504
295589
295675
295760
295846
295931
296017
296102
296188
296274
296359
296445
296531
296616
296702
296788
296874
296959
297045
297131
297217
297365
297512
297660
297808
297955
298103
298251
298399
298548
298696
298844
298992
299141
299289
299438
299586
299735
299884
300033
300182
300331
300480
300629
300778
300928
301077
301226
301376
301526
301675
301810
301946
302081
302217
302352
302488
302624
302759
302895
303031
303167
303303
303439
303575
303711
303848
303984
304120
304257
304393
304530
304666
304803
304940
305076
305213
305350
305487
305624
305761
305898
305969
306040
306111
306183
306254
306325
306396
306468
306539
306610
306681
306753
306824
306895
306967
307038
307110
307181
307252
307324
307395
307467
307538
307610
307681
307753
307824
307896
307968
308039
308167
308296
308424
308553
308681
308810
308939
309067
309196
309325
309454
309583
309712
309841
309970
310099
310229
310358
310487
310617
310746
310876
311005
311135
311264
311394
311524
311654
311784
311914
312044
312144
312244
312345
312445
312545
312646
312746
312846
312947
313047
313148
313248
313349
313449
313550
313651
313751
313852
313953
314054
314154
314255
314356
314457
314558
314659
314760
314861
314962
315063
315164
315227
315290
315353
315415
315478
315541
315604
315667
315730
315793
315856
315919
315982
316045
316108
316171
316234
316297
316360
316423
316487
316550
316613
316676
316739
316802
316865
316929
316992
317055
317207
317360
317512
317665
317817
317970
318123
318276
318428
318581
318734
318888
319041
319194
319347
319501
319654
319808
319961
320115
320269
320423
320577
320731
320885
321039
321193
321347
321502
321656
321811
321971
322131
322290
322450
322611
322771
322931
323091
323252
323412
323573
323733
323894
324055
324216
324377
324538
324699
324860
325021
325182
325344
325505
325667
325829
325990
326152
326314
326476
326638
326785
326931
327078
327224
327371
327518
327665
327812
327959
328106
328253
328401
328548
328695
328843
328990
329138
329286
329433
329581
329729
329877
330025
330173
330321
330469
330617
330766
330914
331062
331211
331370
331529
331689
331848
332007
332167
332326
332486
332646
332806
332965
333125
333285
333446
333606
333766
333926
334087
334247
334408
334568
334729
334890
335051
335212
335373
335534
335695
335856
336018
336179
336417
336655
336893
337131
337370
337609
337847
338086
338326
338565
338808
339044
339284
339524
339764
340005
340245
340486
340727
340968
341209
341451
341692
341934
342176
342418
342660
342903
343090
343276
343463
343650
343837
344024
344211
344398
344585
344773
344960
345148
345336
345523
345711
345899
346088
346276
346464
346653
346841
347030
347219
347407
347596
347785
347975
348164
348353
348543
348732
348917
349101
349286
349471
349656
349841
350026
350211
350397
350582
350768
350953
351139
351325
351511
351697
351883
352069
352256
352442
352628
352815
353002
353189
353376
353563
353750
353937
354124
354312
354583
354855
355126
355398
355670
355942
356215
356487
356760
357033
357306
357580
357853
358127
358401
358676
358950
359225
359500
359775
360050
360326
360602
360878
361154
361430
361707
361984
362261
362538
362815
362995
363175
363356
363536
363716
363897
364078
364258
364439
364620
364801
364981
365163
365345
365526
365707
365889
366071
366252
366434
366616
366798
366980
367162
367345
367527
367709
367892
368075
368257
368340
368423
368506
368589
368672
368755
368838
368921
369004
369087
369170
369253
369336
369419
369502
369585
369668
369752
369835
369918
370001
370085
370168
370251
370334
370418
370501
370585
370668
370751
370835
371037
371239
371440
371642
371845
372047
372249
372452
372654
372857
373060
373263
373466
373669
373872
374076
374279
374483
374686
374890
375094
375298
375502
375706
375911
376115
376320
376524
376729
376934
377139
377314
377489
377664
377839
378014
378189
378364
378540
378715
378891
379066
379242
379418
379594
379770
379946
380122
380298
380474
380651
380827
381004
381180
381357
381534
381711
381888
382065
382242
382419
382651
382884
383116
383349
383582
383815
384048
384281
384514
384748
384982
385215
385449
385683
385918
386152
386387
386621
386856
387091
387326
387561
387797
388032
388268
388504
388740
388976
389212
389448
389685
389993
390302
390610
390919
391228
391538
391847
392157
392467
392778
393089
393399
393711
394022
394333
394645
394957
395270
395582
395895
396208
396522
396835
397149
397463
397778
398092
398407
398722
399037
399279
399522
399764
400007
400250
400493
400737
400980
401223
401467
401711
401955
402199
402443
402688
402932
403177
403422
403667
403912
404157
404403
404648
404894
405140
405386
405632
405879
406125
406372
406619
406658
406698
406737
406776
406816
406855
406894
406933
406973
407012
407051
407091
407130
407169
407209
407248
407288
407327
407366
407406
407445
407484
407524
407563
407602
407642
407681
407721
407760
407799
407839
407937
408035
408133
408232
408330
408428
408526
408625
408723
408821
408920
409018
409116
409215
409313
409412
409510
409609
409707
409806
409904
410003
410102
410200
410299
410398
410496
410595
410694
410747
410800
410853
410906
410959
411011
411064
411117
411170
411223
411276
411329
411382
411435
411488
411541
411594
411647
411700
411753
411806
411859
411912
411965
412018
412071
412124
412178
412231
412284
412337
412596
412855
413114
413373
413633
413892
414152
414412
414672
414932
415193
415453
415714
415975
416236
416497
416758
417020
417282
417544
417806
418068
418330
418593
418855
419118
419381
419645
419908
420171
420279
420387
420495
420603
420711
420819
420928
421036
421144
421252
421361
421469
421577
421686
421794
421903
422011
422120
422228
422337
422445
422554
422662
422771
422880
422988
423097
423206
423315
423424
423532
423602
423673
423743
423814
423884
423955
424025
424096
424166
424237
424307
424378
424448
424519
424590
424660
424731
424801
424872
424943
425013
425084
425155
425225
425296
425367
425437
425508
425579
425650
425732
425814
425896
425979
426061
426143
426225
426308
426390
426472
426554
426637
426719
426801
426884
426966
427049
427131
427213
427296
427378
427461
427543
427626
427708
427791
427874
427956
428039
428121
428204
428218
428232
428245
428259
428273
428287
428301
428314
428328
428342
428356
428370
428384
428397
428411
428425
428439
428453
428466
428480
428494
428508
428522
428535
428549
428563
428577
428591
428605
428618
428632
428746
428860
428974
429088
429202
429316
429430
429544
429658
429772
429886
430000
430115
430229
430343
430457
430572
430686
430801
430915
431029
431144
431258
431373
431488
431602
431717
431832
431946
432061
432186
432311
432436
432561
432686
432811
432936
433061
433186
433312
433437
433562
433687
433813
433938
434064
434189
434315
434440
434566
434691
434817
434943
435068
435194
435320
435446
435572
435698
435824
435950
436166
436383
436600
436816
437033
437250
437467
437684
437902
438119
438336
438554
438772
438990
439207
439425
439644
439862
440080
440299
440517
440736
440955
441174
441393
441612
441831
442050
442270
442489
442758
443027
443296
443565
443834
444104
444374
444643
444914
445184
445454
445725
445995
446266
446537
446808
447080
447351
447623
447895
448167
448439
448711
448984
449257
449530
449806
450076
450349
450623
450896
451170
451444
451718
451992
452267
452542
452816
453091
453367
453642
453917
454193
454469
454745
455021
455298
455574
455851
456128
456405
456682
456959
457237
457514
457792
458070
458349
458627
458905
459184
459463
459643
459822
460002
460182
460361
460541
460721
460901
461082
461262
461442
461622
461803
461983
462164
462344
462525
462706
462887
463067
463248
463429
463611
463792
463973
464154
464336
464517
464532
464547
464562
464577
464592
464607
464622
464637
464652
464667
464682
464697
464712
464727
464742
464757
464772
464787
464802
464817
464832
464847
464862
464877
464892
464907
464922
464937
464952
464967
464982
465274
465566
465858
466150
466443
466736
467029
467322
467615
467908
468202
468496
468790
469084
469379
469673
469968
470263
470558
470853
471149
471444
471740
472036
472333
472629
472926
473222
473519
473817
473969
474121
474273
474426
474578
474730
474883
475035
475188
475340
475493
475646
475798
475951
476104
476257
476410
476562
476715
476868
477022
477175
477328
477481
477634
477788
477941
478095
478248
478402
478555
478871
479187
479504
479820
480137
480454
480771
481089
481406
481724
482042
482361
482679
482998
483317
483636
483955
484275
484595
484915
485235
485555
485876
486197
486518
486839
487160
487482
487804
488126
488407
488688
488969
489251
489533
489814
490096
490378
490661
490943
491226
491509
491791
492075
492358
492641
492925
493209
493493
493777
494061
494345
494630
494915
495199
495485
495770
496055
496341
496626
496912
497198
497484
497771
498057
498344
498631
498918
499205
499492
499780
500068
500355
500643
500932
501220
501509
501797
502086
502375
502664
502954
503243
503533
503823
504113
504403
504693
504984
505275
505565
505856
506024
506192
506360
506528
506696
506864
507032
507200
507368
507537
507705
507873
508042
508210
508379
508548
508716
508885
509054
509223
509392
509561
509730
509899
510068
510237
510406
510576
510745
510915
511258
511600
511944
512287
512630
512974
513318
513663
514007
514352
514697
515042
515387
515733
516079
516425
516771
517118
517464
517812
518159
518506
518854
519202
519550
519899
520247
520596
520945
521295
521644
522141
522639
523137
523636
524135
524635
525135
525636
526137
526639
527141
527643
528146
528650
529154
529658
530163
530669
531175
531681
532188
532695
533203
533711
534220
534730
535239
535750
536260
536772
537064
537356
537648
537941
538233
538526
538819
539112
539405
539699
539992
540286
540580
540874
541168
541463
541757
542052
542347
542642
542937
543232
543528
543823
544119
544415
544711
545007
545304
545600
545897
546263
546629
546996
547363
547730
548097
548465
548833
549201
549569
549938
550306
550675
551045
551414
551784
552154
552524
552895
553266
553637
554008
554380
554751
555123
555496
555868
556241
556614
556987
557361
557853
558345
558838
559331
559824
560318
560812
561307
561802
562298
562794
563291
563788
564285
564783
565281
565780
566279
566779
567279
567779
568280
568782
569283
569786
570288
570791
571295
571350
571405
571461
571516
571571
571626
571682
571737
571792
571847
571903
571958
572013
572068
572124
572179
572234
572290
572345
572400
572455
572511
572566
572621
572677
572732
572787
572843
572898
572954
573009
573462
573916
574370
574824
575278
575733
576189
576644
577100
577557
578014
578471
578928
579386
579844
580303
580762
581221
581681
582141
582601
583062
583523
583985
584446
584909
585371
585834
586298
586761
587099
587437
587775
588113
588452
588791
589129
589469
589808
590147
590487
590827
591167
591507
591848
592189
592530
592871
593212
593553
593895
594237
594579
594921
595264
595606
595949
596292
596636
596979
597323
597620
597916
598213
598510
598807
599104
599402
599699
599997
600295
600593
600891
601189
601488
601786
602085
602384
602683
602982
603281
603581
603880
604180
604480
604780
605080
605381
605681
605982
606283
606709
607135
607561
607988
608415
608842
609270
609697
610126
610554
610983
611412
611841
612271
612701
613131
613562
613992
614424
614855
615287
615719
616151
616584
617017
617450
617884
618318
618752
619186
619621
619958
620295
620633
620970
621308
621646
621984
622322
622661
623000
623338
623677
624017
624356
624696
625036
625375
625716
626056
626397
626737
627078
627419
627760
628102
628444
628785
629127
629470
629812
630155
630571
630987
631404
631821
632238
632656
633073
633491
633910
634328
634747
635166
635586
636005
636425
636846
637266
637687
638108
638529
638951
639373
639795
640217
640640
641063
641487
641910
642334
642758
643751
644745
645740
646738
647737
648737
649739
650742
651747
652754
653762
654771
655782
656795
657810
658825
659843
660862
661882
662905
663928
664954
665981
667009
668039
669071
670104
671139
672175
673213
674253
675092
675932
676772
677614
678457
679301
680146
680992
681839
682688
683537
684387
685238
686091
686944
687799
688654
689511
690369
691228
692088
692948
693810
694674
695538
696403
697269
698137
699005
699875
700077
700280
700482
700685
700887
701090
701292
701495
701698
701901
702104
702307
702510
702713
702916
703119
703322
703526
703729
703932
704136
704339
704543
704747
704950
705154
705358
705562
705766
705970
706174
706288
706401
706515
706629
706742
706856
706970
707084
707197
707311
707425
707539
707653
707766
707880
707994
708108
708222
708336
708450
708564
708678
708792
708906
709020
709134
709248
709362
709477
709591
709705
709806
709907
710009
710110
710211
710312
710414
710515
710616
710718
710819
710920
711022
711123
711224
711326
711427
711529
711630
711732
711833
711935
712036
712138
712239
712341
712442
712544
712567
712590
712613
712636
712659
712682
712705
712728
712751
712774
712797
712820
712843
712866
712889
712912
712935
712958
712981
713004
713027
713050
713073
713096
713119
713142
713165
713188
713211
713234
713257
713541
713824
714108
714392
714676
714961
715245
715529
715814
716099
716383
716668
716953
717239
717524
717809
718095
718380
718666
718952
719238
719524
719810
720096
720382
720669
720956
721242
721529
721816
722232
722647
723063
723479
723896
724313
724730
725147
725564
725982
726400
726818
727236
727655
728074
728493
728912
729332
729752
730172
730592
731013
731434
731855
732276
732697
733119
733541
733963
734386
734809
735414
736020
736626
737232
737839
738447
739055
739663
740273
740882
741492
742103
742714
743325
743937
744550
745163
745777
746391
747005
747620
748236
748852
749469
750086
750704
751322
751940
752560
753179
753613
754046
754480
754915
755349
755784
756219
756655
757090
757526
757962
758398
758835
759272
759709
760146
760584
761021
761460
761898
762336
762775
763214
763654
764093
764533
764973
765414
765854
766295
766736
767177
767619
768061
768503
768945
769388
769831
770274
770717
771161
771605
772049
772494
772938
773383
773828
774274
774720
775166
775612
776058
776505
776952
777399
777847
778295
778743
779191
779639
780088
780537
780847
781158
781469
781779
782090
782401
782713
783024
783335
783647
783958
784270
784582
784894
785206
785519
785831
786143
786456
786769
787082
787395
787708
788021
788335
788648
788962
789276
789589
789903
790232
790562
790891
791221
791550
791880
792210
792540
792871
793201
793532
793862
794193
794524
794855
795186
795518
795849
796181
796513
796845
797177
797509
797841
798174
798507
798839
799172
799505
799838
800172
800935
801698
802463
803228
803994
804760
805527
806295
807064
807833
808604
809374
810146
810918
811692
812465
813240
814015
814791
815568
816346
817124
817903
818683
819463
820245
821027
821809
822593
823377
823615
823853
824091
824329
824568
824806
825045
825283
825522
825760
825999
826238
826477
826715
826954
827193
827433
827672
827911
828150
828390
828629
828869
829108
829348
829588
829827
830067
830307
830547
830787
831107
831427
831747
832067
832387
832707
833028
833348
833669
833990
834311
834632
834953
835275
835596
835918
836239
836561
836883
837205
837527
837850
838172
838495
838818
839140
839463
839786
840110
840433
840756
841073
841391
841708
842026
842343
842661
842979
843297
843615
843934
844252
844571
844889
845208
845527
845846
846165
846484
846804
847123
847443
847763
848083
848403
848723
849043
849363
849684
850004
849839
849674
849509
849344
849179
849015
848850
848685
848520
848355
848191
848026
847862
847697
847532
847368
847203
847039
846875
846710
846546
846381
846217
846053
845889
845724
845560
845396
845232
845068
844904
845100
845297
845494
845690
845887
846084
846280
846477
846674
846871
847068
847265
847462
847659
847856
848053
848250
848448
848645
848842
849040
849237
849435
849632
849830
850027
850225
850423
850621
850818
851173
851527
851882
852237
852592
852948
853303
853659
854014
854370
854726
855083
855439
855795
856152
856509
856866
857223
857580
857938
858295
858653
859011
859369
859727
860085
860443
860802
861161
861520
861879
862193
862508
862822
863137
863452
863767
864082
864397
864712
865028
865343
865659
865975
866290
866606
866922
867239
867555
867871
868188
868505
868821
869138
869455
869772
870090
870407
870724
871042
871360
871556
871752
871948
872145
872341
872537
872734
872930
873126
873323
873519
873716
873913
874109
874306
874503
874700
874896
875093
875290
875487
875684
875881
876078
876276
876473
876670
876867
877065
877262
877460
877770
878080
878389
878700
879010
879320
879630
879941
880251
880562
880873
881184
881495
881806
882117
882429
882740
883052
883363
883675
883987
884299
884611
884923
885236
885548
885861
886173
886486
886799
887112
887523
887935
888346
888758
889170
889582
889994
890407
890820
891233
891646
892059
892473
892886
893300
893714
894129
894543
894958
895373
895788
896203
896618
897034
897450
897866
898282
898698
899115
899532
900192
900853
901514
902175
902837
903500
904163
904826
905490
906155
906820
907485
908151
908817
909484
910152
910819
911488
912157
912826
913496
914166
914837
915508
916180
916852
917525
918198
918872
919546
920221
920648
921074
921501
921928
922356
922783
923211
923639
924067
924495
924924
925353
925782
926211
926640
927070
927499
927929
928359
928790
929220
929651
930082
930513
930944
931376
931808
932240
932672
933104
933523
933941
934360
934779
935199
935618
936038
936458
936878
937298
937719
938139
938560
938981
939402
939824
940245
940667
941089
941511
941934
942356
942779
943202
943625
944048
944472
944895
945319
945743
946167
946198
946228
946259
946289
946320
946350
946381
946411
946442
946472
946503
946533
946564
946594
946625
946655
946686
946716
946747
946777
946808
946838
946869
946899
946930
946960
946991
947022
947052
947083
947113
947181
947248
947316
947383
947451
947519
947586
947654
947721
947789
947857
947924
947992
948060
948127
948195
948263
948330
948398
948466
948533
948601
948669
948736
948804
948872
948940
949007
949129
949251
949374
949496
949618
949741
949863
949985
950108
950230
950352
950475
950597
950719
950842
950964
951087
951209
951332
951454
951577
951699
951822
951945
952067
952190
952312
952435
952558
952680
952803
952993
953183
953373
953563
953753
953944
954134
954324
954514
954705
954895
955086
955276
955467
955657
955848
956038
956229
956420
956610
956801
956992
957183
957374
957565
957756
957947
958138
958329
958520
958950
959380
959811
960241
960672
961103
961534
961965
962397
962828
963260
963692
964125
964557
964990
965423
965856
966289
966723
967156
967590
968024
968458
968893
969327
969762
970197
970632
971068
971503
971939
972421
972904
973387
973870
974354
974837
975321
975806
976290
976775
977259
977745
978230
978716
979201
979687
980174
980660
981147
981634
982122
982609
983097
983585
984073
984562
985050
985539
986029
986518
986677
986835
986994
987153
987312
987471
987630
987789
987948
988106
988265
988424
988584
988743
988902
989061
989220
989379
989538
989697
989857
990016
990175
990335
990494
990653
990813
990972
991132
991291
991451
991769
992088
992406
992725
993043
993362
993681
994000
994319
994638
994958
995277
995597
995916
996236
996556
996876
997196
997516
997836
998156
998477
998797
999118
999439
999760
1000081
1000402
1000723
1001044
1001366
1002060
1002754
1003449
1004145
1004841
1005537
1006234
1006931
1007629
1008327
1009026
1009725
1010425
1011125
1011826
1012527
1013229
1013931
1014633
1015337
1016040
1016744
1017449
1018154
1018859
1019566
1020272
1020979
1021687
1022395
1022788
1023182
1023576
1023970
1024364
1024758
1025153
1025547
1025942
1026337
1026732
1027127
1027522
1027918
1028313
1028709
1029105
1029501
1029897
1030294
1030690
1031087
1031484
1031881
1032278
1032675
1033072
1033470
1033868
1034266
1034664
1035550
1036436
1037323
1038211
1039100
1039989
1040879
1041770
1042662
1043554
1044448
1045342
1046236
1047132
1048028
1048925
1049823
1050722
1051621
1052521
1053422
1054324
1055226
1056130
1057034
1057938
1058844
1059750
1060657
1061565
1061599
1061633
1061668
1061702
1061736
1061770
1061805
1061839
1061873
1061907
1061942
1061976
1062010
1062044
1062079
1062113
1062147
1062181
1062216
1062250
1062284
1062318
1062353
1062387
1062421
1062455
1062490
1062524
1062558
1062592
1062627
1062695
1062764
1062832
1062901
1062969
1063038
1063107
1063175
1063244
1063312
1063381
1063449
1063518
1063586
1063655
1063723
1063792
1063861
1063929
1063998
1064066
1064135
1064203
1064272
1064341
1064409
1064478
1064546
1064615
1064684
1064752
1065130
1065509
1065888
1066267
1066646
1067025
1067404
1067783
1068163
1068543
1068922
1069302
1069682
1070063
1070443
1070823
1071204
1071585
1071966
1072347
1072728
1073109
1073490
1073872
1074254
1074635
1075017
1075400
1075504
1075608
1075712
1075816
1075920
1076024
1076128
1076232
1076336
1076440
1076544
1076648
1076752
1076856
1076960
1077064
1077168
1077272
1077376
1077480
1077584
1077689
1077793
1077897
1078001
1078105
1078209
1078314
1078418
1078522
1078626
1079019
1079413
1079807
1080200
1080594
1080989
1081383
1081777
1082172
1082567
1082961
1083356
1083752
1084147
1084542
1084938
1085333
1085729
1086125
1086521
1086918
1087314
1087711
1088108
1088504
1088901
1089299
1089696
1090093
1090491
1090666
1090842
1091017
1091193
1091369
1091544
1091720
1091895
1092071
1092247
1092423
1092598
1092774
1092950
1093126
1093302
1093478
1093654
1093830
1094006
1094182
1094358
1094534
1094710
1094886
1095062
1095238
1095415
1095591
1095767
1095943
1096451
1096959
1097468
1097976
1098485
1098995
1099504
1100014
1100524
1101034
1101544
1102055
1102566
1103077
1103588
1104099
1104611
1105123
1105636
1106148
1106661
1107174
1107687
1108200
1108714
1109228
1109742
1110257
1110771
1111286
1111465
1111644
1111823
1112001
1112180
1112359
1112538
1112717
1112896
1113075
1113254
1113434
1113613
1113792
1113971
1114150
1114330
1114509
1114688
1114868
1115047
1115226
1115406
1115585
1115765
1115944
1116124
1116303
1116483
1116663
1116842
1117058
1117273
1117489
1117704
1117920
1118136
1118352
1118567
1118783
1118999
1119215
1119431
1119647
1119863
1120079
1120296
1120512
1120728
1120944
1121161
1121377
1121593
1121810
1122026
1122243
1122460
1122676
1122893
1123110
1123326
1123543
1123953
1124363
1124773
1125183
1125593
1126004
1126415
1126826
1127237
1127648
1128059
1128470
1128882
1129294
1129706
1130118
1130530
1130942
1131355
1131767
1132180
1132593
1133006
1133419
1133833
1134246
1134660
1135074
1135488
1135902
1136085
1136268
1136450
1136633
1136816
1136999
1137182
1137365
1137548
1137731
1137914
1138097
1138280
1138463
1138647
1138830
1139013
1139196
1139380
1139563
1139746
1139930
1140113
1140297
1140480
1140664
1140847
1141031
1141214
1141398
1141582
1141810
1142037
1142265
1142493
1142721
1142949
1143177
1143405
1143633
1143861
1144089
1144317
1144545
1144773
1145002
1145230
1145458
1145687
1145915
1146144
1146372
1146601
1146830
1147058
1147287
1147516
1147745
1147974
1148203
1148431
1148653
1148874
1149096
1149318
1149540
1149761
1149983
1150205
1150427
1150649
1150871
1151093
1151316
1151538
1151760
1151982
1152205
1152427
1152649
1152872
1153094
1153317
1153539
1153762
1153985
1154207
1154430
1154653
1154876
1155099
1155322
1155434
1155545
1155657
1155769
1155880
1155992
1156104
1156215
1156327
1156439
1156551
1156662
1156774
1156886
1156998
1157110
1157221
1157333
1157445
1157557
1157669
1157781
1157893
1158004
1158116
1158228
1158340
1158452
1158564
1158676
1158788
1159036
1159283
1159531
1159779
1160027
1160274
1160522
1160770
1161018
1161266
1161514
1161763
1162011
1162259
1162508
1162756
1163004
1163253
1163501
1163750
1163999
1164247
1164496
1164745
1164994
1165243
1165492
1165741
1165929
1166116
1166304
1166491
1166679
1166867
1167055
1167242
1167430
1167618
1167806
1167994
1168182
1168370
1168558
1168746
1168934
1169122
1169310
1169498
1169686
1169875
1170063
1170251
1170439
1170628
1170816
1171004
1171193
1171381
1171570
1171804
1172037
1172271
1172505
1172739
1172973
1173206
1173440
1173674
1173908
1174143
1174377
1174611
1174845
1175079
1175314
1175548
1175783
1176017
1176252
1176486
1176721
1176955
1177190
1177425
1177660
1177895
1178129
1178364
1178599
1178826
1179054
1179282
1179509
1179737
1179964
1180192
1180420
1180648
1180876
1181103
1181331
1181559
1181787
1182015
1182244
1182472
1182700
1182928
1183156
1183385
1183613
1183842
1184070
1184299
1184527
1184756
1184984
1185213
1185442
1185671
1185907
1186144
1186380
1186617
1186854
1187090
1187327
1187564
1187801
1188038
1188275
1188512
1188749
1188986
1189223
1189460
1189697
1189934
1190172
1190409
1190646
1190884
1191121
1191359
1191596
1191834
1192072
1192309
1192547
1192785
1193053
1193322
1193590
1193859
1194128
1194396
1194665
1194934
1195203
1195472
1195741
1196010
1196279
1196549
1196818
1197087
1197357
1197626
1197896
1198165
1198435
1198704
1198974
1199244
1199514
1199784
1200054
1200324
1200594
1200864
1201134
1201443
1201752
1202061
1202370
1202679
1202988
1203297
1203606
1203916
1204225
1204535
1204845
1205154
1205464
1205774
1206084
1206394
1206704
1207014
1207325
1207635
1207945
1208256
1208567
1208877
1209188
1209499
1209810
1210121
1210432
1210743
1211384
1212025
1212666
1213308
1213950
1214593
1215236
1215879
1216522
1217166
1217810
1218455
1219100
1219745
1220391
1221036
1221683
1222329
1222976
1223623
1224271
1224919
1225567
1226216
1226865
1227514
1228164
1228814
1229464
1230115
1230352
1230590
1230827
1231065
1231302
1231540
1231778
1232015
1232253
1232491
1232729
1232967
1233205
1233443
1233681
1233919
1234157
1234395
1234633
1234872
1235110
1235348
1235587
1235825
1236064
1236302
1236541
1236779
1237018
1237257
1237496
1237825
1238154
1238482
1238811
1239141
1239470
1239799
1240128
1240458
1240787
1241117
1241447
1241776
1242106
1242436
1242766
1243096
1243427
1243757
1244087
1244418
1244748
1245079
1245410
1245740
1246071
1246402
1246734
1247065
1247396
1247436
1247476
1247517
1247557
1247597
1247637
1247678
1247718
1247758
1247798
1247838
1247879
1247919
1247959
1247999
1248040
1248080
1248120
1248160
1248201
1248241
1248281
1248321
1248362
1248402
1248442
1248482
1248523
1248563
1248603
1248643
1248764
1248884
1249005
1249126
1249246
1249367
1249488
1249609
1249729
1249850
1249971
1250092
1250213
1250333
1250454
1250575
1250696
1250817
1250938
1251058
1251179
1251300
1251421
1251542
1251663
1251784
1251905
1252026
1252147
1252268
1252389
1252518
1252648
1252777
1252907
1253036
1253165
1253295
1253424
1253554
1253683
1253813
1253942
1254072
1254201
1254331
1254461
1254590
1254720
1254849
1254979
1255109
1255238
1255368
1255498
1255627
1255757
1255887
1256016
1256146
1256348
1256550
1256752
1256955
1257157
1257359
1257561
1257764
1257966
1258169
1258371
1258574
1258776
1258979
1259181
1259384
1259586
1259789
1259992
1260194
1260397
1260600
1260803
1261006
1261209
1261412
1261615
1261818
1262021
1262224
1262427
1262721
1263014
1263308
1263602
1263896
1264189
1264483
1264778
1265072
1265366
1265660
1265954
1266249
1266543
1266838
1267132
1267427
1267722
1268017
1268311
1268606
1268901
1269197
1269492
1269787
1270082
1270378
1270673
1270968
1271264
1271672
1272080
1272489
1272897
1273306
1273715
1274124
1274533
1274942
1275351
1275760
1276170
1276580
1276990
1277399
1277810
1278220
1278630
1279041
1279451
1279862
1280273
1280684
1281095
1281506
1281918
1282329
1282741
1283153
1283565
1283977
1284318
1284659
1285001
1285342
1285683
1286025
1286366
1286708
1287050
1287392
1287734
1288076
1288418
1288760
1289103
1289445
1289788
1290130
1290473
1290816
1291159
1291502
1291845
1292188
1292531
1292875
1293218
1293561
1293905
1294249
1294416
1294582
1294749
1294916
1295083
1295249
1295416
1295583
1295750
1295917
1296084
1296251
1296417
1296584
1296751
1296918
1297085
1297252
1297420
1297587
1297754
1297921
1298088
1298255
1298422
1298590
1298757
1298924
1299091
1299259
1299426
1299552
1299677
1299803
1299928
1300054
1300180
1300305
1300431
1300557
1300682
1300808
1300934
1301059
1301185
1301311
1301437
1301562
1301688
1301814
1301940
1302065
1302191
1302317
1302443
1302569
1302695
1302821
1302947
1303072
1303198
1303324
1303497
1303671
1303844
1304018
1304191
1304365
1304539
1304712
1304886
1305059
1305233
1305407
1305581
1305754
1305928
1306102
1306276
1306449
1306623
1306797
1306971
1307145
1307319
1307493
1307667
1307841
1308015
1308189
1308363
1308537
1308748
1308958
1309169
1309379
1309590
1309801
1310012
1310222
1310433
1310644
1310855
1311066
1311277
1311488
1311699
1311910
1312121
1312332
1312543
1312754
1312966
1313177
1313388
1313599
1313811
1314022
1314234
1314445
1314657
1314868
1315080
1315386
1315692
1315998
1316304
1316610
1316916
1317222
1317529
1317835
1318141
1318448
1318755
1319061
1319368
1319675
1319982
1320289
1320596
1320903
1321210
1321517
1321824
1322132
1322439
1322747
1323054
1323362
1323670
1323978
1324286
1324457
1324627
1324798
1324968
1325139
1325310
1325480
1325651
1325822
1325992
1326163
1326334
1326505
1326676
1326846
1327017
1327188
1327359
1327530
1327701
1327872
1328043
1328214
1328385
1328556
1328727
1328898
1329070
1329241
1329412
1329583
1329754
1329925
1330097
1330268
1330439
1330611
1330782
1330953
1331125
1331296
1331468
1331639
1331811
1331982
1332154
1332325
1332497
1332668
1332840
1333012
1333183
1333355
1333527
1333699
1333870
1334042
1334214
1334386
1334558
1334729
1334901
1335139
1335377
1335615
1335852
1336090
1336328
1336567
1336805
1337043
1337281
1337519
1337757
1337996
1338234
1338472
1338711
1338949
1339188
1339426
1339665
1339904
1340142
1340381
1340620
1340859
1341098
1341337
1341576
1341921
1342266
1342611
1342956
1343301
1343647
1343992
1344338
1344683
1345029
1345375
1345720
1346066
1346412
1346759
1347105
1347451
1347797
1348144
1348490
1348837
1349184
1349531
1349878
1350225
1350572
1350919
1351266
1351614
1351961
1352309
1352444
1352579
1352714
1352849
1352984
1353119
1353255
1353390
1353525
1353660
1353795
1353930
1354066
1354201
1354336
1354471
1354606
1354742
1354877
1355012
1355148
1355283
1355418
1355554
1355689
1355824
1355960
1356095
1356231
1356366
1356497
1356628
1356759
1356890
1357021
1357153
1357284
1357415
1357546
1357677
1357808
1357940
1358071
1358202
1358333
1358465
1358596
1358727
1358859
1358990
1359121
1359252
1359384
1359515
1359647
1359778
1359909
1360041
1360172
1360304
1360435
1360526
1360616
1360707
1360797
1360888
1360979
1361069
1361160
1361251
1361341
1361432
1361523
1361613
1361704
1361795
1361885
1361976
1362067
1362158
1362248
1362339
1362430
1362521
1362611
1362702
1362793
1362884
1362974
1363065
1363156
1363244
1363332
1363420
1363507
1363595
1363683
1363771
1363859
1363947
1364035
1364123
1364211
1364299
1364387
1364475
1364562
1364650
1364738
1364826
1364914
1365002
1365090
1365178
1365266
1365354
1365442
1365530
1365618
1365706
1365794
1365882
1366146
1366409
1366673
1366937
1367201
1367464
1367728
1367992
1368256
1368520
1368784
1369049
1369313
1369577
1369841
1370106
1370370
1370635
1370899
1371164
1371428
1371693
1371958
1372222
1372487
1372752
1373017
1373282
1373547
1373812
1374077
1374260
1374443
1374626
1374809
1374992
1375175
1375358
1375541
1375724
1375907
1376090
1376273
1376456
1376639
1376822
1377006
1377189
1377372
1377555
1377739
1377922
1378105
1378289
1378472
1378656
1378839
1379023
1379206
1379390
1379573
1379972
1380371
1380770
1381169
1381568
1381967
1382367
1382767
1383166
1383566
1383966
1384366
1384766
1385167
1385567
1385967
1386368
1386769
1387170
1387571
1387972
1388373
1388774
1389176
1389577
1389979
1390381
1390783
1391185
1391587
1391989
1392543
1393096
1393650
1394205
1394759
1395314
1395869
1396424
1396979
1397535
1398091
1398647
1399203
1399759
1400316
1400873
1401430
1401987
1402545
1403103
1403661
1404219
1404777
1405336
1405895
1406454
1407014
1407573
1408133
1408693
1408738
1408784
1408829
1408875
1408920
1408966
1409011
1409056
1409102
1409147
1409193
1409238
1409284
1409329
1409374
1409420
1409465
1409511
1409556
1409602
1409647
1409693
1409738
1409783
1409829
1409874
1409920
1409965
1410011
1410056
1410102
1410147
1410193
1410238
1410284
1410329
1410375
1410420
1410466
1410511
1410557
1410602
1410648
1410693
1410739
1410784
1410830
1410875
1410921
1410966
1411012
1411057
1411103
1411148
1411194
1411239
1411285
1411330
1411376
1411421
1411467
1411512
1411864
1412215
1412567
1412919
1413271
1413623
1413976
1414328
1414680
1415033
1415385
1415738
1416091
1416444
1416797
1417150
1417503
1417856
1418209
1418563
1418916
1419270
1419623
1419977
1420331
1420685
1421039
1421393
1421347
1421301
1421255
1421210
1421164
1421118
1421072
1421026
1420980
1420934
1420888
1420843
1420797
1420751
1420705
1420659
1420613
1420568
1420522
1420476
1420430
1420384
1420338
1420292
1420247
1420201
1420155
1420109
1420063
1420017
1419972
1420161
1420350
1420539
1420728
1420917
1421106
1421295
1421484
1421674
1421863
1422052
1422241
1422431
1422620
1422809
1422998
1423188
1423377
1423567
1423756
1423946
1424135
1424325
1424514
1424704
1424893
1425083
1425273
1425462
1425652
1425836
1426019
1426203
1426387
1426570
1426754
1426938
1427121
1427305
1427489
1427673
1427857
1428041
1428225
1428408
1428592
1428776
1428960
1429144
1429328
1429513
1429697
1429881
1430065
1430249
1430433
1430618
1430802
1430986
1431170
1431355
1431450
1431546
1431641
1431736
1431832
1431927
1432022
1432118
1432213
1432309
1432404
1432499
1432595
1432690
1432786
1432881
1432977
1433072
1433167
1433263
1433358
1433454
1433549
1433645
1433740
1433836
1433931
1434027
1434122
1434218
1434357
1434495
1434634
1434772
1434911
1435050
1435188
1435327
1435466
1435605
1435743
1435882
1436021
1436160
1436298
1436437
1436576
1436715
1436854
1436992
1437131
1437270
1437409
1437548
1437687
1437826
1437965
1438104
1438243
1438382
1438521
1438706
1438892
1439077
1439262
1439448
1439633
1439818
1440004
1440189
1440375
1440560
1440746
1440931
1441117
1441302
1441488
1441674
1441859
1442045
1442231
1442416
1442602
1442788
1442974
1443160
1443345
1443531
1443717
1443903
1444089
1444275
1444419
1444563
1444708
1444852
1444996
1445141
1445285
1445429
1445573
1445718
1445862
1446007
1446151
1446295
1446440
1446584
1446729
1446873
1447018
1447162
1447307
1447451
1447596
1447740
1447885
1448029
1448174
1448319
1448463
1448608
1448841
1449074
1449307
1449541
1449774
1450007
1450240
1450474
1450707
1450941
1451174
1451407
1451641
1451875
1452108
1452342
1452576
1452809
1453043
1453277
1453511
1453744
1453978
1454212
1454446
1454680
1454914
1455149
1455383
1455617
1455851
1456238
1456625
1457012
1457399
1457786
1458173
1458560
1458948
1459335
1459723
1460111
1460499
1460887
1461275
1461663
1462051
1462439
1462828
1463217
1463605
1463994
1464383
1464772
1465161
1465550
1465940
1466329
1466718
1467108
1467498
1467545
1467593
1467640
1467687
1467735
1467782
1467829
1467877
1467924
1467971
1468019
1468066
1468113
1468161
1468208
1468255
1468303
1468350
1468397
1468445
1468492
1468539
1468587
1468634
1468681
1468729
1468776
1468823
1468871
1468918
1468965
1469201
1469438
1469674
1469911
1470147
1470384
1470620
1470857
1471094
1471330
1471567
1471804
1472041
1472277
1472514
1472751
1472988
1473225
1473462
1473699
1473937
1474174
1474411
1474648
1474885
1475123
1475360
1475597
1475835
1476072
1476310
1476152
1475993
1475835
1475676
1475518
1475360
1475202
1475043
1474885
1474727
1474568
1474410
1474252
1474094
1473936
1473778
1473619
1473461
1473303
1473145
1472987
1472829
1472671
1472513
1472355
1472197
1472039
1471881
1471928
1471976
1472023
1472071
1472118
1472166
1472213
1472261
1472308
1472356
1472403
1472451
1472498
1472546
1472593
1472640
1472688
1472735
1472783
1472830
1472878
1472925
1472973
1473020
1473068
1473115
1473163
1473210
1473258
1473305
1473353
1473647
1473941
1474235
1474529
1474823
1475117
1475411
1475705
1475999
1476294
1476588
1476883
1477177
1477472
1477766
1478061
1478356
1478651
1478946
1479241
1479536
1479831
1480126
1480421
1480716
1481011
1481307
1481602
1481898
1482193
1482384
1482575
1482766
1482957
1483148
1483339
1483530
1483721
1483912
1484103
1484294
1484485
1484676
1484868
1485059
1485250
1485441
1485633
1485824
1486015
1486207
1486398
1486589
1486781
1486972
1487164
1487355
1487547
1487739
1487930
1488122
1488172
1488221
1488271
1488320
1488370
1488420
1488469
1488519
1488568
1488618
1488667
1488717
1488767
1488816
1488866
1488915
1488965
1489015
1489064
1489114
1489164
1489213
1489263
1489312
1489362
1489412
1489461
1489511
1489560
1489610
1489658
1489706
1489754
1489802
1489850
1489898
1489946
1489994
1490042
1490090
1490138
1490186
1490234
1490283
1490331
1490379
1490427
1490475
1490523
1490571
1490619
1490667
1490715
1490763
1490811
1490859
1490907
1490955
1491003
1491052
1491100
1491148
1491196
1491244
1491292
1491340
1491388
1491437
1491485
1491533
1491581
1491629
1491677
1491725
1491773
1491821
1491869
1491918
1491966
1492014
1492062
1492110
1492158
1492206
1492254
1492302
1492350
1492399
1492447
1492495
1492543
1492591
1492690
1492790
1492889
1492989
1493088
1493188
1493287
1493386
1493486
1493585
1493685
1493784
1493884
1493983
1494083
1494182
1494282
1494381
1494481
1494580
1494680
1494780
1494879
1494979
1495078
1495178
1495277
1495377
1495477
1495576
1495672
1495769
1495865
1495962
1496058
1496154
1496251
1496347
1496444
1496540
1496637
1496733
1496830
1496926
1497023
1497119
1497216
1497312
1497409
1497505
1497602
1497698
1497795
1497891
1497988
1498084
1498181
1498277
1498374
1498471
1498567
1498766
1498966
1499165
1499365
1499564
1499764
1499964
1500163
1500363
1500562
1500762
1500962
1501162
1501361
1501561
1501761
1501961
1502161
1502361
1502561
1502760
1502960
1503160
1503360
1503561
1503761
1503961
1504161
1504361
1504561
1504658
1504755
1504852
1504949
1505046
1505143
1505240
1505337
1505434
1505531
1505628
1505725
1505822
1505919
1506016
1506113
1506210
1506308
1506405
1506502
1506599
1506696
1506793
1506890
1506987
1507084
1507182
1507279
1507376
1507473
1507570
1507716
1507861
1508007
1508153
1508299
1508444
1508590
1508736
1508882
1509027
1509173
1509319
1509465
1509611
1509757
1509903
1510049
1510194
1510340
1510486
1510632
1510778
1510924
1511070
1511216
1511362
1511508
1511654
1511801
1511947
1512093
1512197
1512301
1512406
1512510
1512614
1512718
1512822
1512927
1513031
1513135
1513239
1513344
1513448
1513552
1513656
1513761
1513865
1513969
1514074
1514178
1514282
1514387
1514491
1514595
1514700
1514804
1514908
1515013
1515117
1515409
1515702
1515994
1516287
1516580
1516872
1517165
1517458
1517751
1518044
1518337
1518630
1518923
1519216
1519509
1519802
1520095
1520389
1520682
1520976
1521269
1521563
1521857
1522150
1522444
1522738
1523032
1523326
1523620
1523914
1524208
1524562
1524917
1525272
1525626
1525981
1526336
1526691
1527046
1527401
1527756
1528111
1528467
1528822
1529178
1529533
1529889
1530245
1530601
1530957
1531313
1531669
1532025
1532381
1532738
1533094
1533451
1533807
1534164
1534521
1534877
1535124
1535371
1535618
1535865
1536112
1536359
1536607
1536854
1537101
1537348
1537596
1537843
1538091
1538338
1538586
1538833
1539081
1539328
1539576
1539824
1540072
1540319
1540567
1540815
1541063
1541311
1541559
1541807
1542055
1542303
1542551
1542654
1542756
1542859
1542962
1543065
1543168
1543270
1543373
1543476
1543579
1543681
1543784
1543887
1543990
1544093
1544196
1544298
1544401
1544504
1544607
1544710
1544813
1544916
1545019
1545121
1545224
1545327
1545430
1545533
1545636
1545736
1545835
1545935
1546035
1546134
1546234
1546333
1546433
1546533
1546633
1546732
1546832
1546932
1547031
1547131
1547231
1547330
1547430
1547530
1547630
1547729
1547829
1547929
1548029
1548128
1548228
1548328
1548428
1548528
1548627
1548727
1548777
1548827
1548877
1548927
1548977
1549027
1549077
1549127
1549176
1549226
1549276
1549326
1549376
1549426
1549476
1549526
1549576
1549626
1549676
1549726
1549776
1549826
1549876
1549926
1549976
1550026
1550076
1550126
1550176
1550226
1550276
1550431
1550586
1550740
1550895
1551050
1551205
1551360
1551515
1551670
1551825
1551980
1552135
1552290
1552445
1552600
1552755
1552910
1553065
1553220
1553375
1553530
1553685
1553840
1553996
1554151
1554306
1554461
1554616
1554772
1554927
1555227
1555527
1555827
1556128
1556428
1556728
1557029
1557329
1557630
1557930
1558231
1558532
1558833
1559133
1559434
1559735
1560036
1560337
1560638
1560940
1561241
1561542
1561844
1562145
1562446
1562748
1563050
1563351
1563653
1563955
1564257
1564569
1564881
1565193
1565505
1565817
1566130
1566442
1566754
1567067
1567379
1567692
1568004
1568317
1568630
1568943
1569256
1569569
1569882
1570195
1570508
1570821
1571134
1571448
1571761
1572074
1572388
1572701
1573015
1573329
1573643
1573795
1573947
1574099
1574251
1574403
1574556
1574708
1574860
1575012
1575164
1575317
1575469
1575621
1575773
1575926
1576078
1576230
1576382
1576535
1576687
1576840
1576992
1577144
1577297
1577449
1577602
1577754
1577906
1578059
1578211
1578364
1578415
1578466
1578517
1578568
1578618
1578669
1578720
1578771
1578822
1578873
1578924
1578975
1579026
1579077
1579128
1579178
1579229
1579280
1579331
1579382
1579433
1579484
1579535
1579586
1579637
1579688
1579739
1579790
1579840
1579891
1579942
1580111
1580280
1580449
1580618
1580787
1580956
1581126
1581295
1581464
1581633
1581802
1581972
1582141
1582310
1582479
1582649
1582818
1582987
1583157
1583326
1583496
1583665
1583834
1584004
1584173
1584343
1584512
1584682
1584528
1584375
1584221
1584068
1583914
1583761
1583607
1583454
1583300
1583147
1582993
1582840
1582687
1582533
1582380
1582227
1582073
1581920
1581767
1581613
1581460
1581307
1581153
1581000
1580847
1580694
1580541
1580387
1580234
1580081
1579928
1580191
1580453
1580716
1580979
1581242
1581505
1581768
1582031
1582294
1582557
1582820
1583083
1583346
1583610
1583873
1584136
1584400
1584663
1584927
1585190
1585454
1585717
1585981
1586245
1586508
1586772
1587036
1587300
1587564
1587828
1588083
1588339
1588595
1588850
1589106
1589362
1589617
1589873
1590129
1590385
1590641
1590897
1591152
1591409
1591665
1591921
1592177
1592433
1592689
1592945
1593202
1593458
1593715
1593971
1594227
1594484
1594741
1594997
1595254
1595510
1595767
1595979
1596192
1596404
1596617
1596829
1597042
1597254
1597467
1597679
1597892
1598105
1598317
1598530
1598743
1598955
1599168
1599381
1599594
1599807
1600020
1600232
1600445
1600658
1600871
1601084
1601298
1601511
1601724
1601937
1602150
1602202
1602253
1602305
1602357
1602408
1602460
1602512
1602563
1602615
1602667
1602718
1602770
1602822
1602873
1602925
1602977
1603028
1603080
1603132
1603183
1603235
1603287
1603339
1603390
1603442
1603494
1603545
1603597
1603649
1603700
1603752
1603648
1603545
1603441
1603338
1603234
1603131
1603027
1602924
1602820
1602717
1602613
1602510
1602406
1602303
1602199
1602096
1601992
1601889
1601785
1601682
1601578
1601475
1601372
1601268
1601165
1601061
1600958
1600855
1600751
1600648
1600544
1600969
1601394
1601820
1602245
1602671
1603097
1603523
1603949
1604375
1604801
1605227
1605654
1606080
1606507
1606933
1607360
1607787
1608214
1608642
1609069
1609496
1609924
1610352
1610779
1611207
1611635
1612063
1612492
1612920
1613348
1613711
1614074
1614437
1614801
1615164
1615528
1615891
1616255
1616619
1616982
1617346
1617710
1618074
1618439
1618803
1619167
1619531
1619896
1620260
1620625
1620990
1621355
1621719
1622084
1622449
1622815
1623180
1623545
1623910
1624276
1624641
1624695
1624749
1624803
1624858
1624912
1624966
1625020
1625074
1625128
1625182
1625237
1625291
1625345
1625399
1625453
1625507
1625561
1625616
1625670
1625724
1625778
1625832
1625886
1625941
1625995
1626049
1626103
1626157
1626211
1626266
1626266
1626266
1626266
1626266
1626266
1626266
1626266
1626266
1626266
1626266
1626266
1626266
1626266
1626266
1626266
1626266
1626266
1626266
1626266
1626266
1626266
1626266
1626266
1626266
1626266
1626266
1626266
1626266
1626266
1626266
1626266
1626108
1625951
1625793
1625636
1625478
1625321
1625163
1625006
1624848
1624691
1624533
1624376
1624218
1624061
1623903
1623746
1623589
1623431
1623274
1623117
1622959
1622802
1622645
1622488
1622330
1622173
1622016
1621859
1621702
1621544
1621387
1621329
1621271
1621213
1621155
1621097
1621039
1620982
1620924
1620866
1620808
1620750
1620692
1620634
1620576
1620518
1620460
1620402
1620344
1620287
1620229
1620171
1620113
1620055
1619997
1619939
1619881
1619823
1619766
1619766
1619766
1619766
1619766
1619766
1619766
1619766
1619766
1619766
1619766
1619766
1619766
1619766
1619766
1619766
1619766
1619766
1619766
1619766
1619766
1619766
1619766
1619766
1619766
1619766
1619766
1619766
1619766
1619766
1619766
1619766
1620035
1620305
1620574
1620844
1621113
1621383
1621652
1621922
1622191
1622461
1622731
1623001
1623271
1623540
1623810
1624080
1624350
1624620
1624891
1625161
1625431
1625701
1625971
1626242
1626512
1626783
1627053
1627324
1627594
1627865
1628075
1628284
1628494
1628704
1628913
1629123
1629333
1629543
1629753
1629963
1630173
1630382
1630592
1630802
1631012
1631223
1631433
1631643
1631853
1632063
1632273
1632483
1632694
1632904
1633114
1633324
1633535
1633745
1633956
1634166
1634376
1634430
1634485
1634539
1634594
1634648
1634703
1634757
1634812
1634866
1634921
1634975
1635030
1635084
1635139
1635193
1635247
1635302
1635356
1635411
1635465
1635520
1635574
1635629
1635683
1635738
1635792
1635847
1635901
1635956
1636010
1635957
1635904
1635852
1635799
1635746
1635693
1635640
1635588
1635535
1635482
1635429
1635377
1635324
1635271
1635218
1635165
1635113
1635060
1635007
1634954
1634902
1634849
1634796
1634743
1634691
1634638
1634585
1634532
1634479
1634427
1634374
1634584
1634795
1635006
1635216
1635427
1635637
1635848
1636059
1636269
1636480
1636691
1636902
1637112
1637323
1637534
1637745
1637956
1638167
1638378
1638589
1638800
1639011
1639222
1639433
1639644
1639855
1640066
1640278
1640489
1640700
1640911
1641129
1641348
1641566
1641785
1642003
1642222
1642440
1642659
1642877
1643096
1643315
1643533
1643752
1643971
1644190
1644408
1644627
1644846
1645065
1645284
1645503
1645722
1645941
1646160
1646379
1646598
1646817
1647036
1647255
1647475
1647899
1648322
1648746
1649170
1649594
1650018
1650442
1650866
1651291
1651715
1652140
1652564
1652989
1653414
1653839
1654264
1654690
1655115
1655540
1655966
1656392
1656818
1657244
1657670
1658096
1658522
1658948
1659375
1659801
1660228
1660655
1661151
1661647
1662144
1662640
1663137
1663633
1664130
1664627
1665125
1665622
1666120
1666617
1667115
1667613
1668111
1668609
1669108
1669606
1670105
1670604
1671103
1671602
1672102
1672601
1673101
1673600
1674100
1674600
1675101
1675601
1675547
1675493
1675439
1675385
1675331
1675277
1675222
1675168
1675114
1675060
1675006
1674952
1674898
1674844
1674790
1674736
1674682
1674628
1674574
1674520
1674466
1674412
1674358
1674304
1674250
1674196
1674142
1674087
1674033
1673979
1673925
1673709
1673492
1673276
1673060
1672843
1672627
1672411
1672195
1671978
1671762
1671546
1671330
1671114
1670898
1670682
1670466
1670250
1670034
1669818
1669602
1669386
1669170
1668955
1668739
1668523
1668307
1668092
1667876
1667660
1667445
1667229
1667289
1667348
1667408
1667467
1667527
1667586
1667646
1667705
1667765
1667824
1667884
1667943
1668003
1668062
1668122
1668181
1668241
1668301
1668360
1668420
1668479
1668539
1668598
1668658
1668718
1668777
1668837
1668896
1669325
1669754
1670183
1670613
1671042
1671472
1671901
1672331
1672761
1673191
1673621
1674052
1674482
1674912
1675343
1675774
1676204
1676635
1677066
1677497
1677929
1678360
1678792
1679223
1679655
1680087
1680518
1680950
1681383
1681815
1682247
1682916
1683585
1684255
1684925
1685595
1686265
1686936
1687607
1688278
1688949
1689621
1690293
1690965
1691638
1692310
1692983
1693657
1694330
1695004
1695678
1696353
1697027
1697702
1698377
1699053
1699728
1700404
1701081
1701757
1702434
1702379
1702324
1702269
1702214
1702159
1702104
1702049
1701994
1701940
1701885
1701830
1701775
1701720
1701665
1701610
1701555
1701500
1701445
1701390
1701335
1701281
1701226
1701171
1701116
1701061
1701006
1700951
1700896
1700841
1700786
1700732
1700505
1700278
1700050
1699823
1699596
1699369
1699142
1698915
1698688
1698461
1698234
1698008
1697781
1697554
1697327
1697100
1696874
1696647
1696420
1696194
1695967
1695741
1695514
1695287
1695061
1694835
1694608
1694382
1694155
1693929
1693929
1693929
1693929
1693929
1693929
1693929
1693929
1693929
1693929
1693929
1693929
1693929
1693929
1693929
1693929
1693929
1693929
1693929
1693929
1693929
1693929
1693929
1693929
1693929
1693929
1693929
1693929
1693929
1693929
1693929
1693929
1693874
1693820
1693765
1693710
1693656
1693601
1693546
1693492
1693437
1693382
1693328
1693273
1693218
1693164
1693109
1693055
1693000
1692945
1692891
1692836
1692781
1692727
1692672
1692617
1692563
1692508
1692454
1692399
1692344
1692290
1692235
1692348
1692460
1692573
1692686
1692799
1692911
1693024
1693137
1693250
1693362
1693475
1693588
1693701
1693814
1693926
1694039
1694152
1694265
1694378
1694491
1694603
1694716
1694829
1694942
1695055
1695168
1695281
1695394
1695507
1695619
1695728
1695838
1695947
1696056
1696166
1696275
1696384
1696494
1696603
1696712
1696822
1696931
1697040
1697150
1697259
1697368
1697478
1697587
1697697
1697806
1697916
1698025
1698134
1698244
1698353
1698463
1698572
1698682
1698791
1698901
1699010
1698897
1698783
1698670
1698557
1698443
1698330
1698217
1698103
1697990
1697877
1697763
1697650
1697537
1697423
1697310
1697197
1697084
1696970
1696857
1696744
1696631
1696517
1696404
1696291
1696178
1696065
1695951
1695838
1695725
1695612
1695448
1695283
1695119
1694955
1694791
1694626
1694462
1694298
1694134
1693969
1693805
1693641
1693477
1693313
1693149
1692985
1692821
1692656
1692492
1692328
1692164
1692000
1691836
1691672
1691509
1691345
1691181
1691017
1690853
1690689
1690525
1690361
1690197
1690034
1689870
1689706
1689542
1689378
1689215
1689051
1688887
1688724
1688560
1688396
1688233
1688069
1687906
1687742
1687578
1687415
1687251
1687088
1686924
1686761
1686597
1686434
1686270
1686107
1685944
1685780
1685617
1685453
1685337
1685220
1685104
1684988
1684871
1684755
1684639
1684522
1684406
1684290
1684174
1684057
1683941
1683825
1683709
1683592
1683476
1683360
1683244
1683128
1683011
1682895
1682779
1682663
1682547
1682430
1682314
1682198
1682082
1682082
1682082
1682082
1682082
1682082
1682082
1682082
1682082
1682082
1682082
1682082
1682082
1682082
1682082
1682082
1682082
1682082
1682082
1682082
1682082
1682082
1682082
1682082
1682082
1682082
1682082
1682082
1682082
1682082
1682082
1682082
1682306
1682530
1682754
1682978
1683202
1683426
1683650
1683874
1684098
1684322
1684546
1684770
1684994
1685219
1685443
1685667
1685891
1686116
1686340
1686565
1686789
1687013
1687238
1687463
1687687
1687912
1688136
1688361
1688586
1688810
1689027
1689245
1689463
1689680
1689898
1690115
1690333
1690551
1690768
1690986
1691204
1691422
1691640
1691857
1692075
1692293
1692511
1692729
1692947
1693165
1693383
1693601
1693819
1694038
1694256
1694474
1694692
1694910
1695129
1695347
1695565
1695847
1696129
1696411
1696693
1696975
1697257
1697539
1697822
1698104
1698386
1698669
1698951
1699234
1699516
1699799
1700081
1700364
1700647
1700929
1701212
1701495
1701778
1702061
1702344
1702627
1702910
1703193
1703476
1703760
1704043
1704262
1704482
1704701
1704921
1705141
1705360
1705580
1705799
1706019
1706239
1706459
1706678
1706898
1707118
1707338
1707558
1707778
1707997
1708217
1708437
1708657
1708877
1709098
1709318
1709538
1709758
1709978
1710198
1710419
1710639
1710859
1710969
1711080
1711190
1711300
1711410
1711521
1711631
1711741
1711852
1711962
1712072
1712183
1712293
1712403
1712514
1712624
1712735
1712845
1712955
1713066
1713176
1713287
1713397
1713507
1713618
1713728
1713839
1713949
1714060
1714170
1714281
1714509
1714737
1714965
1715194
1715422
1715650
1715879
1716107
1716335
1716564
1716792
1717021
1717249
1717478
1717706
1717935
1718163
1718392
1718621
1718849
1719078
1719307
1719536
1719765
1719993
1720222
1720451
1720680
1720909
1721138
1721193
1721249
1721304
1721360
1721415
1721471
1721526
1721582
1721638
1721693
1721749
1721804
1721860
1721915
1721971
1722026
1722082
1722137
1722193
1722248
1722304
1722359
1722415
1722470
1722526
1722581
1722637
1722693
1722748
1722804
1722859
1723031
1723203
1723375
1723547
1723719
1723891
1724064
1724236
1724408
1724580
1724752
1724925
1725097
1725269
1725441
1725614
1725786
1725958
1726131
1726303
1726475
1726648
1726820
1726993
1727165
1727338
1727510
1727683
1727855
1728028
1728195
1728362
1728529
1728696
1728863
1729030
1729197
1729364
1729531
1729699
1729866
1730033
1730200
1730367
1730534
1730702
1730869
1731036
1731203
1731371
1731538
1731705
1731873
1732040
1732208
1732375
1732542
1732710
1732877
1733045
1733212
1732988
1732764
1732540
1732316
1732092
1731868
1731644
1731420
1731196
1730973
1730749
1730525
1730301
1730078
1729854
1729630
1729407
1729183
1728960
1728736
1728513
1728289
1728066
1727842
1727619
1727395
1727172
1726949
1726726
1726502
1726279
1726094
1725909
1725723
1725538
1725353
1725168
1724983
1724798
1724613
1724428
1724243
1724058
1723873
1723688
1723503
1723318
1723133
1722948
1722763
1722578
1722393
1722209
1722024
1721839
1721654
1721470
1721285
1721100
1721044
1720989
1720933
1720878
1720822
1720767
1720711
1720656
1720600
1720545
1720489
1720434
1720378
1720323
1720267
1720211
1720156
1720100
1720045
1719989
1719934
1719878
1719823
1719767
1719712
1719656
1719601
1719545
1719490
1719434
1719379
1719722
1720065
1720408
1720751
1721094
1721437
1721781
1722124
1722467
1722811
1723154
1723498
1723842
1724186
1724529
1724873
1725217
1725561
1725905
1726250
1726594
1726938
1727283
1727627
1727972
1728316
1728661
1729006
1729350
1729695
1730195
1730695
1731195
1731696
1732196
1732697
1733198
1733699
1734200
1734701
1735203
1735704
1736206
1736708
1737210
1737712
1738215
1738717
1739220
1739722
1740225
1740728
1741232
1741735
1742238
1742742
1743246
1743750
1744254
1744758
1745262
1745436
1745611
1745785
1745959
1746134
1746308
1746482
1746657
1746831
1747006
1747180
1747354
1747529
1747703
1747878
1748052
1748227
1748402
1748576
1748751
1748925
1749100
1749275
1749449
1749624
1749799
1749974
1750148
1750323
1750498
1750723
1750949
1751174
1751400
1751625
1751851
1752077
1752302
1752528
1752754
1752979
1753205
1753431
1753657
1753883
1754108
1754334
1754560
1754786
1755012
1755238
1755464
1755690
1755916
1756143
1756369
1756595
1756821
1757047
1757274
1757500
1757839
1758178
1758518
1758857
1759197
1759536
1759876
1760215
1760555
1760895
1761235
1761574
1761914
1762254
1762595
1762935
1763275
1763615
1763956
1764296
1764636
1764977
1765318
1765658
1765999
1766340
1766681
1767022
1767363
1767704
1768045
1768222
1768398
1768575
1768751
1768928
1769105
1769281
1769458
1769635
1769811
1769988
1770165
1770342
1770518
1770695
1770872
1771049
1771226
1771402
1771579
1771756
1771933
1772110
1772287
1772464
1772641
1772818
1772995
1773172
1773349
1773918
1774488
1775057
1775627
1776197
1776768
1777338
1777909
1778479
1779050
1779621
1780193
1780764
1781336
1781908
1782480
1783052
1783624
1784197
1784770
1785343
1785916
1786489
1787063
1787636
1788210
1788784
1789359
1789933
1790508
1791082
1791380
1791678
1791976
1792273
1792571
1792870
1793168
1793466
1793764
1794062
1794360
1794659
1794957
1795256
1795554
1795853
1796151
1796450
1796749
1797047
1797346
1797645
1797944
1798243
1798542
1798841
1799140
1799439
1799738
1800037
1799921
1799805
1799688
1799572
1799456
1799340
1799223
1799107
1798991
1798875
1798759
1798643
1798526
1798410
1798294
1798178
1798062
1797946
1797830
1797714
1797597
1797481
1797365
1797249
1797133
1797017
1796901
1796785
1796669
1796553
1796437
1796263
1796089
1795915
1795741
1795567
1795393
1795219
1795045
1794871
1794697
1794523
1794349
1794175
1794001
1793827
1793653
1793480
1793306
1793132
1792958
1792784
1792611
1792437
1792263
1792090
1791916
1791742
1791569
1791395
1791221
1791048
1791112
1791176
1791240
1791304
1791368
1791432
1791496
1791560
1791623
1791687
1791751
1791815
1791879
1791943
1792007
1792071
1792135
1792199
1792263
1792327
1792391
1792455
1792519
1792583
1792647
1792711
1792775
1792839
1792781
1792723
1792665
1792608
1792550
1792492
1792434
1792376
1792318
1792260
1792203
1792145
1792087
1792029
1791971
1791913
1791856
1791798
1791740
1791682
1791624
1791566
1791509
1791451
1791393
1791335
1791277
1791220
1791162
1791104
1791046
1791403
1791760
1792118
1792475
1792833
1793190
1793548
1793905
1794263
1794621
1794979
1795337
1795695
1796053
1796411
1796769
1797128
1797486
1797845
1798203
1798562
1798920
1799279
1799638
1799997
1800356
1800715
1801074
1801433
1801792
1802140
1802488
1802835
1803183
1803531
1803879
1804227
1804576
1804924
1805272
1805621
1805969
1806318
1806666
1807015
1807364
1807712
1808061
1808410
1808759
1809108
1809457
1809807
1810156
1810505
1810855
1811204
1811554
1811903
1812253
1812603
1812724
1812844
1812965
1813086
1813207
1813327
1813448
1813569
1813690
1813811
1813931
1814052
1814173
1814294
1814415
1814536
1814656
1814777
1814898
1815019
1815140
1815261
1815382
1815503
1815624
1815744
1815865
1815986
1816107
1816228
1816579
1816929
1817280
1817630
1817981
1818332
1818683
1819034
1819385
1819736
1820087
1820439
1820790
1821141
1821493
1821844
1822196
1822548
1822899
1823251
1823603
1823955
1824307
1824659
1825011
1825363
1825716
1826068
1826420
1826773
1827125
1827419
1827713
1828007
1828301
1828595
1828890
1829184
1829478
1829773
1830067
1830361
1830656
1830951
1831245
1831540
1831834
1832129
1832424
1832719
1833014
1833309
1833604
1833899
1834194
1834489
1834784
1835079
1835375
1835670
1835965
1836261
1836444
1836628
1836811
1836995
1837178
1837361
1837545
1837728
1837912
1838095
1838279
1838463
1838646
1838830
1839013
1839197
1839381
1839564
1839748
1839932
1840115
1840299
1840483
1840667
1840851
1841034
1841218
1841402
1841586
1841770
1841770
1841770
1841770
1841770
1841770
1841770
1841770
1841770
1841770
1841770
1841770
1841770
1841770
1841770
1841770
1841770
1841770
1841770
1841770
1841770
1841770
1841770
1841770
1841770
1841770
1841770
1841770
1841770
1841770
1841770
1841770
1841586
1841401
1841217
1841032
1840848
1840664
1840479
1840295
1840111
1839926
1839742
1839558
1839374
1839189
1839005
1838821
1838637
1838453
1838269
1838085
1837901
1837716
1837532
1837348
1837164
1836980
1836796
1836613
1836429
1836245
1836126
1836008
1835889
1835771
1835652
1835534
1835415
1835297
1835178
1835060
1834941
1834823
1834704
1834586
1834467
1834349
1834230
1834112
1833993
1833875
1833756
1833638
1833520
1833401
1833283
1833164
1833046
1832928
1832809
1832691
1832573
1832632
1832691
1832750
1832809
1832868
1832928
1832987
1833046
1833105
1833164
1833223
1833282
1833341
1833400
1833460
1833519
1833578
1833637
1833696
1833755
1833814
1833873
1833932
1833992
1834051
1834110
1834169
1834228
1834287
1834346
1834406
1834602
1834799
1834995
1835191
1835388
1835584
1835780
1835977
1836173
1836370
1836566
1836763
1836959
1837156
1837352
1837549
1837745
1837942
1838139
1838335
1838532
1838729
1838925
1839122
1839319
1839516
1839712
1839909
1839790
1839671
1839553
1839434
1839315
1839196
1839077
1838959
1838840
1838721
1838602
1838484
1838365
1838246
1838128
1838009
1837890
1837771
1837653
1837534
1837415
1837297
1837178
1837059
1836941
1836822
1836704
1836585
1836466
1836348
1836229
1836473
1836718
1836962
1837207
1837451
1837696
1837940
1838185
1838429
1838674
1838919
1839163
1839408
1839653
1839898
1840143
1840388
1840632
1840877
1841122
1841367
1841612
1841857
1842103
1842348
1842593
1842838
1843083
1843329
1843574
1843930
1844286
1844642
1844998
1845354
1845710
1846066
1846422
1846779
1847135
1847491
1847848
1848205
1848561
1848918
1849275
1849632
1849989
1850346
1850703
1851060
1851417
1851775
1852132
1852489
1852847
1853204
1853562
1853920
1854278
1854635
1855005
1855375
1855745
1856115
1856485
1856855
1857226
1857596
1857966
1858337
1858707
1859078
1859449
1859820
1860191
1860562
1860933
1861304
1861675
1862046
1862417
1862789
1863160
1863532
1863904
1864275
1864647
1865019
1865391
1865763
1866302
1866842
1867381
1867921
1868461
1869001
1869542
1870082
1870623
1871163
1871704
1872245
1872786
1873328
1873869
1874411
1874953
1875495
1876037
1876579
1877122
1877664
1878207
1878750
1879293
1879836
1880380
1880923
1881467
1882011
1882555
1883219
1883884
1884549
1885214
1885880
1886545
1887211
1887877
1888544
1889210
1889877
1890544
1891211
1891879
1892547
1893215
1893883
1894551
1895220
1895889
1896558
1897228
1897897
1898567
1899237
1899908
1900578
1901249
1901920
1902592
1903263
1903957
1904652
1905346
1906041
1906736
1907432
1908128
1908824
1909520
1910216
1910913
1911610
1912307
1913005
1913702
1914400
1915099
1915797
1916496
1917195
1917894
1918594
1919293
1919993
1920694
1921394
1922095
1922796
1923497
1924199
1924878
1925558
1926237
1926917
1927597
1928278
1928958
1929639
1930320
1931002
1931683
1932365
1933047
1933729
1934412
1935095
1935778
1936461
1937144
1937828
1938512
1939196
1939881
1940565
1941250
1941936
1942621
1943307
1943993
1944679
1945365
1945559
1945754
1945948
1946142
1946336
1946531
1946725
1946920
1947114
1947308
1947503
1947697
1947892
1948086
1948281
1948475
1948670
1948865
1949059
1949254
1949448
1949643
1949838
1950032
1950227
1950422
1950617
1950811
1951006
1951201
1951703
1952204
1952706
1953208
1953710
1954213
1954715
1955217
1955720
1956223
1956726
1957229
1957732
1958235
1958739
1959242
1959746
1960249
1960753
1961257
1961762
1962266
1962770
1963275
1963780
1964285
1964789
1965295
1965800
1966305
1966811
1967127
1967444
1967761
1968077
1968394
1968711
1969027
1969344
1969661
1969978
1970295
1970612
1970929
1971246
1971563
1971881
1972198
1972515
1972833
1973150
1973467
1973785
1974103
1974420
1974738
1975056
1975373
1975691
1976009
1976327
1976645
1976645
1976645
1976645
1976645
1976645
1976645
1976645
1976645
1976645
1976645
1976645
1976645
1976645
1976645
1976645
1976645
1976645
1976645
1976645
1976645
1976645
1976645
1976645
1976645
1976645
1976645
1976645
1976645
1976645
1976900
1977154
1977409
1977663
1977918
1978173
1978428
1978682
1978937
1979192
1979447
1979702
1979957
1980212
1980467
1980722
1980977
1981232
1981487
1981742
1981998
1982253
1982508
1982763
1983019
1983274
1983530
1983785
1984041
1984296
1984552
1985079
1985606
1986134
1986662
1987189
1987717
1988245
1988773
1989302
1989830
1990359
1990887
1991416
1991945
1992474
1993004
1993533
1994063
1994592
1995122
1995652
1996182
1996713
1997243
1997774
1998304
1998835
1999366
1999897
2000428
2000686
2000943
2001201
2001459
2001716
2001974
2002232
2002490
2002748
2003006
2003264
2003522
2003780
2004038
2004296
2004554
2004812
2005070
2005328
2005587
2005845
2006103
2006362
2006620
2006878
2007137
2007395
2007654
2007913
2008171
2008430
2009229
2010028
2010827
2011627
2012427
2013227
2014028
2014829
2015630
2016432
2017234
2018036
2018839
2019641
2020445
2021248
2022052
2022856
2023661
2024465
2025271
2026076
2026882
2027688
2028494
2029301
2030108
2030915
2031723
2032531
2033507
2034484
2035462
2036439
2037418
2038397
2039376
2040355
2041336
2042316
2043297
2044279
2045261
2046244
2047227
2048210
2049194
2050178
2051163
2052149
2053134
2054121
2055108
2056095
2057083
2058071
2059059
2060049
2061038
2062028
2063019
2063747
2064476
2065204
2065933
2066662
2067392
2068122
2068852
2069582
2070312
2071043
2071774
2072505
2073237
2073969
2074701
2075433
2076165
2076898
2077631
2078365
2079098
2079832
2080566
2081301
2082035
2082770
2083505
2084241
2084976
2085712
2086335
2086958
2087582
2088205
2088829
2089453
2090077
2090701
2091326
2091950
2092575
2093200
2093826
2094451
2095077
2095702
2096328
2096955
2097581
2098208
2098834
2099461
2100088
2100716
2101343
2101971
2102599
2103227
2103855
2104483
2105226
2105969
2106712
2107456
2108200
2108944
2109688
2110433
2111178
2111923
2112668
2113414
2114160
2114906
2115653
2116399
2117146
2117894
2118641
2119389
2120137
2120885
2121634
2122383
2123132
2123881
2124631
2125381
2126131
2126882
2127632
2128268
2128903
2129539
2130175
2130812
2131448
2132085
2132722
2133359
2133996
2134633
2135271
2135909
2136547
2137185
2137823
2138462
2139101
2139740
2140379
2141018
2141658
2142297
2142937
2143577
2144218
2144858
2145499
2146140
2146781
2146712
2146642
2146573
2146504
2146435
2146365
2146296
2146227
2146158
2146088
2146019
2145950
2145880
2145811
2145742
2145673
2145603
2145534
2145465
2145396
2145326
2145257
2145188
2145119
2145050
2144980
2144911
2144842
2144773
2144703
2144634
2143799
2142964
2142130
2141296
2140462
2139629
2138796
2137963
2137130
2136298
2135466
2134635
2133804
2132973
2132142
2131312
2130482
2129653
2128824
2127995
2127166
2126338
2125510
2124683
2123855
2123028
2122202
2121375
2120549
2119724
2118898
2118290
2117683
2117075
2116468
2115861
2115254
2114647
2114041
2113435
2112828
2112222
2111617
2111011
2110405
2109800
2109195
2108590
2107985
2107381
2106776
2106172
2105568
2104964
2104360
2103757
2103153
2102550
2101947
2101675
2101404
2101132
2100860
2100589
2100317
2100046
2099774
2099503
2099231
2098960
2098688
2098417
2098146
2097875
2097603
2097332
2097061
2096790
2096519
2096248
2095977
2095706
2095435
2095164
2094893
2094622
2094351
2094081
2093810
2093539
2093818
2094096
2094375
2094654
2094932
2095211
2095490
2095769
2096048
2096327
2096606
2096885
2097164
2097443
2097722
2098001
2098280
2098559
2098839
2099118
2099397
2099677
2099956
2100236
2100515
2100795
2101074
2101354
2101633
2101913
2101777
2101642
2101506
2101370
2101234
2101099
2100963
2100827
2100692
2100556
2100420
2100285
2100149
2100013
2099878
2099742
2099607
2099471
2099335
2099200
2099064
2098929
2098793
2098658
2098522
2098387
2098251
2098116
2097980
2097845
2097709
2097499
2097289
2097079
2096869
2096659
2096449
2096239
2096029
2095819
2095609
2095399
2095189
2094980
2094770
2094560
2094350
2094141
2093931
2093721
2093511
2093302
2093092
2092883
2092673
2092463
2092254
2092044
2091835
2091625
2091416
2091618
2091820
2092022
2092225
2092427
2092629
2092831
2093033
2093236
2093438
2093640
2093843
2094045
2094247
2094450
2094652
2094854
2095057
2095259
2095462
2095664
2095867
2096069
2096272
2096474
2096677
2096880
2097082
2097285
2097488
2097690
2097419
2097148
2096877
2096605
2096334
2096063
2095792
2095521
2095251
2094980
2094709
2094438
2094167
2093896
2093626
2093355
2093084
2092814
2092543
2092273
2092002
2091732
2091461
2091191
2090921
2090650
2090380
2090110
2089840
2089569
2089299
2089020
2088741
2088462
2088183
2087904
2087625
2087346
2087067
2086788
2086510
2086231
2085952
2085673
2085395
2085116
2084838
2084559
2084281
2084002
2083724
2083445
2083167
2082889
2082611
2082332
2082054
2081776
2081498
2081220
2080942
2081610
2082278
2082947
2083615
2084284
2084953
2085623
2086292
2086962
2087632
2088302
2088973
2089643
2090314
2090985
2091656
2092328
2093000
2093672
2094344
2095016
2095689
2096361
2097034
2097708
2098381
2099055
2099729
2100403
2101077
2101751
2101751
2101751
2101751
2101751
2101751
2101751
2101751
2101751
2101751
2101751
2101751
2101751
2101751
2101751
2101751
2101751
2101751
2101751
2101751
2101751
2101751
2101751
2101751
2101751
2101751
2101751
2101751
2101751
2101751
2101751
2101411
2101071
2100732
2100392
2100052
2099713
2099373
2099034
2098695
2098355
2098016
2097677
2097338
2096999
2096660
2096321
2095982
2095643
2095304
2094965
2094626
2094288
2093949
2093611
2093272
2092934
2092595
2092257
2091919
2091580
2091242
2091039
2090837
2090634
2090431
2090229
2090026
2089824
2089621
2089419
2089216
2089014
2088811
2088609
2088406
2088204
2088002
2087799
2087597
2087395
2087192
2086990
2086788
2086585
2086383
2086181
2085979
2085777
2085575
2085372
2085170
2084968
2085339
2085711
2086082
2086454
2086826
2087198
2087569
2087941
2088313
2088685
2089057
2089429
2089802
2090174
2090546
2090919
2091291
2091664
2092036
2092409
2092782
2093155
2093527
2093900
2094273
2094646
2095020
2095393
2095595
2095798
2096001
2096203
2096406
2096608
2096811
2097013
2097216
2097419
2097621
2097824
2098027
2098230
2098432
2098635
2098838
2099041
2099244
2099446
2099649
2099852
2100055
2100258
2100461
2100664
2100867
2101070
2101273
2101476
2101679
2101749
2101819
2101889
2101959
2102029
2102099
2102169
2102239
2102309
2102379
2102449
2102519
2102589
2102660
2102730
2102800
2102870
2102940
2103010
2103080
2103150
2103220
2103290
2103360
2103430
2103500
2103570
2103641
2103711
2103781
2104120
2104458
2104797
2105135
2105474
2105813
2106152
2106491
2106829
2107168
2107508
2107847
2108186
2108525
2108864
2109204
2109543
2109882
2110222
2110561
2110901
2111241
2111580
2111920
2112260
2112600
2112940
2113280
2113620
2113960
2114300
2114581
2114863
2115144
2115426
2115707
2115989
2116270
2116552
2116834
2117115
2117397
2117679
2117961
2118242
2118524
2118806
2119088
2119370
2119652
2119934
2120216
2120499
2120781
2121063
2121345
2121628
2121910
2122192
2122475
2122757
2122757
2122757
2122757
2122757
2122757
2122757
2122757
2122757
2122757
2122757
2122757
2122757
2122757
2122757
2122757
2122757
2122757
2122757
2122757
2122757
2122757
2122757
2122757
2122757
2122757
2122757
2122757
2122757
2122757
2122757
2122757
2123167
2123576
2123986
2124396
2124806
2125216
2125626
2126037
2126447
2126857
2127268
2127678
2128089
2128500
2128910
2129321
2129732
2130143
2130554
2130965
2131377
2131788
2132199
2132611
2133022
2133434
2133846
2134258
2134670
2135081
2135494
2135423
2135352
2135280
2135209
2135138
2135067
2134996
2134924
2134853
2134782
2134711
2134640
2134568
2134497
2134426
2134355
2134284
2134212
2134141
2134070
2133999
2133928
2133857
2133785
2133714
2133643
2133572
2133501
2133430
2133359
2133634
2133909
2134183
2134458
2134733
2135008
2135283
2135558
2135833
2136108
2136383
2136658
2136933
2137209
2137484
2137759
2138034
2138310
2138585
2138861
2139136
2139411
2139687
2139963
2140238
2140514
2140789
2141065
2141341
2141617
2141892
2141963
2142035
2142106
2142177
2142249
2142320
2142392
2142463
2142534
2142606
2142677
2142748
2142820
2142891
2142963
2143034
2143105
2143177
2143248
2143320
2143391
2143463
2143534
2143605
2143677
2143748
2143820
2143891
2143962
2144034
2144103
2144172
2144241
2144311
2144380
2144449
2144518
2144587
2144656
2144725
2144795
2144864
2144933
2145002
2145071
2145140
2145209
2145279
2145348
2145417
2145486
2145555
2145625
2145694
2145763
2145832
2145901
2145970
2146040
2146109
2146178
2146247
2146316
2146386
2146455
2146524
2146593
2146662
2146732
2146801
2146870
2146939
2147009
2147078
2147147
2147216
2147285
2147355
2147424
2147493
2147562
2147632
2147701
2147770
2147839
2147909
2147978
2148047
2148116
2148186
2148255
2148324
2148554
2148784
2149014
2149244
2149473
2149703
2149933
2150163
2150393
2150624
2150854
2151084
2151314
2151544
2151774
2152004
2152235
2152465
2152695
2152926
2153156
2153386
2153617
2153847
2154078
2154308
2154538
2154769
2154908
2155047
2155186
2155325
2155464
2155602
2155741
2155880
2156019
2156158
2156297
2156436
2156575
2156714
2156853
2156992
2157131
2157270
2157409
2157548
2157687
2157826
2157966
2158105
2158244
2158383
2158522
2158661
2158800
2158939
2159079
2159653
2160226
2160800
2161374
2161948
2162523
2163097
2163672
2164246
2164821
2165396
2165972
2166547
2167122
2167698
2168274
2168850
2169426
2170002
2170579
2171155
2171732
2172309
2172886
2173463
2174041
2174618
2175196
2175774
2176352
2176562
2176773
2176983
2177193
2177404
2177614
2177825
2178035
2178246
2178456
2178667
2178877
2179088
2179298
2179509
2179719
2179930
2180141
2180351
2180562
2180773
2180984
2181194
2181405
2181616
2181827
2182037
2182248
2182459
2182670
2182881
2183171
2183462
2183753
2184043
2184334
2184625
2184915
2185206
2185497
2185788
2186079
2186369
2186660
2186951
2187242
2187533
2187825
2188116
2188407
2188698
2188989
2189281
2189572
2189863
2190155
2190446
2190738
2191029
2191321
2191613
2191754
2191896
2192037
2192178
2192319
2192461
2192602
2192743
2192885
2193026
2193167
2193309
2193450
2193591
2193733
2193874
2194016
2194157
2194298
2194440
2194581
2194723
2194864
2195006
2195147
2195289
2195430
2195572
2195713
2195855
2195996
2196067
2196138
2196208
2196279
2196350
2196421
2196492
2196562
2196633
2196704
2196775
2196846
2196917
2196987
2197058
2197129
2197200
2197271
2197342
2197413
2197483
2197554
2197625
2197696
2197767
2197838
2197909
2197979
2198050
2198121
2198192
2198338
2198485
2198631
2198778
2198924
2199071
2199217
2199364
2199510
2199656
2199803
2199949
2200096
2200243
2200389
2200536
2200682
2200829
2200975
2201122
2201269
2201415
2201562
2201708
2201855
2202002
2202148
2202295
2202442
2202588
2202942
2203297
2203651
2204006
2204361
2204715
2205070
2205425
2205780
2206135
2206490
2206845
2207200
2207555
2207910
2208265
2208621
2208976
2209331
2209687
2210042
2210398
2210754
2211109
2211465
2211821
2212177
2212533
2212889
2213245
2213601
2213969
2214337
2214705
2215074
2215442
2215810
2216179
2216547
2216916
2217284
2217653
2218022
2218390
2218759
2219128
2219497
2219866
2220235
2220604
2220974
2221343
2221712
2222082
2222451
2222821
2223190
2223560
2223929
2224299
2224669
2224884
2225099
2225314
2225529
2225744
2225959
2226174
2226389
2226605
2226820
2227035
2227250
2227465
2227681
2227896
2228111
2228326
2228542
2228757
2228973
2229188
2229403
2229619
2229834
2230050
2230265
2230481
2230696
2230912
2231127
2231343
2231774
2232204
2232635
2233066
2233497
2233928
2234359
2234790
2235222
2235653
2236084
2236516
2236948
2237379
2237811
2238243
2238675
2239107
2239539
2239971
2240404
2240836
2241268
2241701
2242134
2242566
2242999
2243432
2243865
2244298
2244731
2244808
2244886
2244963
2245040
2245118
2245195
2245273
2245350
2245427
2245505
2245582
2245660
2245737
2245814
2245892
2245969
2246047
2246124
2246201
2246279
2246356
2246434
2246511
2246589
2246666
2246743
2246821
2246898
2246976
2247265
2247555
2247844
2248134
2248423
2248713
2249002
2249292
2249582
2249871
2250161
2250451
2250741
2251031
2251321
2251610
2251900
2252190
2252480
2252771
2253061
2253351
2253641
2253931
2254222
2254512
2254802
2255093
2255383
2255673
2255964
2256114
2256265
2256415
2256565
2256715
2256866
2257016
2257166
2257317
2257467
2257617
2257768
2257918
2258068
2258219
2258369
2258520
2258670
2258821
2258971
2259121
2259272
2259422
2259573
2259723
2259874
2260024
2260175
2260325
2260476
2260549
2260622
2260695
2260768
2260840
2260913
2260986
2261059
2261132
2261205
2261278
2261351
2261424
2261497
2261569
2261642
2261715
2261788
2261861
2261934
2262007
2262080
2262153
2262226
2262299
2262372
2262445
2262518
2262591
2262664
2262736
2262736
2262736
2262736
2262736
2262736
2262736
2262736
2262736
2262736
2262736
2262736
2262736
2262736
2262736
2262736
2262736
2262736
2262736
2262736
2262736
2262736
2262736
2262736
2262736
2262736
2262736
2262736
2262736
2262736
2262736
2262517
2262297
2262078
2261859
2261640
2261421
2261201
2260982
2260763
2260544
2260325
2260106
2259887
2259668
2259449
2259230
2259011
2258792
2258573
2258354
2258135
2257916
2257698
2257479
2257260
2257041
2256823
2256604
2256385
2256166
2255948
2255948
2255948
2255948
2255948
2255948
2255948
2255948
2255948
2255948
2255948
2255948
2255948
2255948
2255948
2255948
2255948
2255948
2255948
2255948
2255948
2255948
2255948
2255948
2255948
2255948
2255948
2255948
2255948
2255948
2255948
2255948
2256098
2256249
2256399
2256549
2256699
2256850
2257000
2257150
2257301
2257451
2257601
2257752
2257902
2258052
2258203
2258353
2258504
2258654
2258804
2258955
2259105
2259256
2259406
2259557
2259707
2259858
2260008
2260159
2260309
2260460
2261041
2261622
2262204
2262785
2263367
2263949
2264531
2265113
2265695
2266278
2266860
2267443
2268026
2268609
2269192
2269776
2270359
2270943
2271526
2272110
2272694
2273279
2273863
2274448
2275032
2275617
2276202
2276787
2277373
2277958
2278544
2278998
2279453
2279907
2280362
2280817
2281272
2281727
2282182
2282637
2283092
2283547
2284003
2284458
2284914
2285369
2285825
2286281
2286737
2287193
2287649
2288105
2288562
2289018
2289474
2289931
2290388
2290844
2291301
2291758
2292215
2291844
2291474
2291103
2290733
2290363
2289992
2289622
2289252
2288882
2288512
2288142
2287772
2287402
2287032
2286662
2286292
2285923
2285553
2285184
2284814
2284445
2284075
2283706
2283337
2282968
2282599
2282230
2281861
2281492
2281123
2280754
2280754
2280754
2280754
2280754
2280754
2280754
2280754
2280754
2280754
2280754
2280754
2280754
2280754
2280754
2280754
2280754
2280754
2280754
2280754
2280754
2280754
2280754
2280754
2280754
2280754
2280754
2280754
2280754
2280754
2280754
2280754
2280917
2281080
2281242
2281405
2281568
2281731
2281894
2282056
2282219
2282382
2282545
2282708
2282871
2283034
2283197
2283359
2283522
2283685
2283848
2284011
2284174
2284337
2284500
2284663
2284826
2284989
2285152
2285316
2285390
2285463
2285537
2285611
2285684
2285758
2285832
2285906
2285979
2286053
2286127
2286200
2286274
2286348
2286422
2286495
2286569
2286643
2286716
2286790
2286864
2286938
2287011
2287085
2287159
2287233
2287306
2287380
2287454
2287528
2287601
2287905
2288210
2288514
2288819
2289124
2289428
2289733
2290038
2290342
2290647
2290952
2291257
2291562
2291867
2292172
2292477
2292782
2293087
2293392
2293697
2294002
2294308
2294613
2294918
2295224
2295529
2295835
2296140
2296446
2296751
2296380
2296008
2295637
2295266
2294895
2294524
2294153
2293782
2293411
2293040
2292670
2292299
2291928
2291558
2291187
2290817
2290446
2290076
2289706
2289336
2288965
2288595
2288225
2287855
2287485
2287116
2286746
2286376
2286006
2285637
2285267
2285267
2285267
2285267
2285267
2285267
2285267
2285267
2285267
2285267
2285267
2285267
2285267
2285267
2285267
2285267
2285267
2285267
2285267
2285267
2285267
2285267
2285267
2285267
2285267
2285267
2285267
2285267
2285267
2285267
2285267
2285708
2286149
2286590
2287032
2287473
2287914
2288356
2288798
2289239
2289681
2290123
2290565
2291007
2291449
2291891
2292334
2292776
2293219
2293661
2294104
2294547
2294989
2295432
2295875
2296318
2296762
2297205
2297648
2298092
2298535
2298979
2299201
2299423
2299646
2299868
2300090
2300312
2300535
2300757
2300979
2301202
2301424
2301646
2301869
2302091
2302314
2302536
2302759
2302981
2303204
2303426
2303649
2303871
2304094
2304317
2304539
2304762
2304985
2305208
2305430
2305653
2305876
2306030
2306183
2306337
2306490
2306644
2306798
2306951
2307105
2307259
2307412
2307566
2307720
2307873
2308027
2308181
2308334
2308488
2308642
2308796
2308949
2309103
2309257
2309411
2309565
2309718
2309872
2310026
2310180
2310334
2310488
2310860
2311232
2311603
2311975
2312347
2312719
2313092
2313464
2313836
2314208
2314581
2314953
2315326
2315698
2316071
2316443
2316816
2317189
2317562
2317935
2318308
2318681
2319054
2319427
2319800
2320173
2320547
2320920
2321293
2321667
2322040
2322117
2322195
2322272
2322349
2322427
2322504
2322582
2322659
2322736
2322814
2322891
2322969
2323046
2323123
2323201
2323278
2323356
2323433
2323510
2323588
2323665
2323743
2323820
2323897
2323975
2324052
2324130
2324207
2324285
2324362
2324661
2324961
2325260
2325560
2325859
2326159
2326458
2326758
2327057
2327357
2327657
2327957
2328256
2328556
2328856
2329156
2329456
2329756
2330056
2330356
2330656
2330956
2331257
2331557
2331857
2332157
2332458
2332758
2333058
2333359
2333659
2334109
2334560
2335010
2335461
2335912
2336363
2336813
2337264
2337715
2338167
2338618
2339069
2339521
2339972
2340424
2340875
2341327
2341779
2342231
2342683
2343135
2343587
2344040
2344492
2344944
2345397
2345850
2346302
2346755
2347208
2347661
2347829
2347996
2348164
2348331
2348499
2348666
2348834
2349002
2349169
2349337
2349504
2349672
2349840
2350007
2350175
2350343
2350511
2350678
2350846
2351014
2351182
2351349
2351517
2351685
2351853
2352021
2352188
2352356
2352734
2353113
2353492
2353870
2354249
2354628
2355007
2355386
2355765
2356144
2356523
2356902
2357281
2357661
2358040
2358419
2358799
2359178
2359558
2359938
2360317
2360697
2361077
2361457
2361837
2362217
2362597
2362977
2363357
2363737
2364118
2364746
2365374
2366003
2366631
2367260
2367889
2368518
2369147
2369776
2370406
2371035
2371665
2372295
2372925
2373556
2374186
2374817
2375448
2376079
2376710
2377341
2377973
2378604
2379236
2379868
2380501
2381133
2381765
2382398
2383031
2383491
2383951
2384411
2384871
2385331
2385792
2386252
2386713
2387173
2387634
2388095
2388556
2389017
2389478
2389939
2390400
2390861
2391323
2391784
2392246
2392708
2393169
2393631
2394093
2394555
2395017
2395479
2395942
2396404
2396867
2397329
2397568
2397808
2398047
2398287
2398526
2398766
2399005
2399245
2399484
2399724
2399964
2400203
2400443
2400683
2400922
2401162
2401402
2401642
2401881
2402121
2402361
2402601
2402841
2403081
2403321
2403561
2403801
2404041
2404281
2404521
2404599
2404676
2404754
2404831
2404909
2404986
2405064
2405141
2405219
2405296
2405374
2405451
2405529
2405607
2405684
2405762
2405839
2405917
2405994
2406072
2406150
2406227
2406305
2406382
2406460
2406538
2406615
2406693
2406770
2406848
2406926
2407081
2407236
2407391
2407547
2407702
2407857
2408012
2408167
2408323
2408478
2408633
2408788
2408944
2409099
2409254
2409409
2409565
2409720
2409875
2410031
2410186
2410341
2410497
2410652
2410807
2410963
2411118
2411274
2411429
2411584
2411740
2411981
2412222
2412463
2412703
2412944
2413185
2413426
2413667
2413908
2414149
2414390
2414631
2414873
2415114
2415355
2415596
2415837
2416079
2416320
2416561
2416802
2417044
2417285
2417526
2417768
2418009
2418251
2418492
2418734
2418975
2419597
2420219
2420841
2421463
2422086
2422708
2423331
2423954
2424577
2425201
2425824
2426448
2427072
2427695
2428320
2428944
2429568
2430193
2430817
2431442
2432067
2432693
2433318
2433944
2434569
2435195
2435821
2436447
2437074
2437700
2438327
2439136
2439945
2440754
2441564
2442374
2443184
2443995
2444806
2445617
2446428
2447239
2448051
2448863
2449676
2450488
2451301
2452114
2452928
2453742
2454556
2455370
2456184
2456999
2457814
2458630
2459445
2460261
2461077
2461894
2462710
2462710
2462710
2462710
2462710
2462710
2462710
2462710
2462710
2462710
2462710
2462710
2462710
2462710
2462710
2462710
2462710
2462710
2462710
2462710
2462710
2462710
2462710
2462710
2462710
2462710
2462710
2462710
2462710
2462710
2462710
2462710
2462392
2462073
2461755
2461437
2461118
2460800
2460482
2460164
2459846
2459528
2459210
2458892
2458574
2458256
2457939
2457621
2457303
2456985
2456668
2456350
2456033
2455715
2455398
2455080
2454763
2454445
2454128
2453811
2453494
2453176
2452859
2452947
2453034
2453122
2453209
2453297
2453384
2453472
2453560
2453647
2453735
2453822
2453910
2453998
2454085
2454173
2454260
2454348
2454436
2454523
2454611
2454698
2454786
2454874
2454961
2455049
2455137
2455224
2455312
2455628
2455944
2456261
2456577
2456893
2457210
2457526
2457843
2458159
2458476
2458792
2459109
2459426
2459743
2460059
2460376
2460693
2461010
2461327
2461644
2461961
2462278
2462595
2462912
2463229
2463547
2463864
2464181
2464498
2464816
2465133
2465625
2466116
2466608
2467100
2467592
2468084
2468576
2469069
2469561
2470053
2470546
2471039
2471531
2472024
2472517
2473010
2473504
2473997
2474490
2474984
2475477
2475971
2476465
2476959
2477453
2477947
2478441
2478935
2479429
2479924
2480403
2480881
2481360
2481839
2482318
2482797
2483276
2483755
2484235
2484714
2485194
2485673
2486153
2486633
2487113
2487593
2488073
2488553
2489033
2489514
2489994
2490475
2490955
2491436
2491917
2492398
2492879
2493360
2493841
2494322
2494804
2494970
2495136
2495303
2495469
2495635
2495801
2495967
2496134
2496300
2496466
2496632
2496799
2496965
2497131
2497298
2497464
2497630
2497797
2497963
2498129
2498296
2498462
2498628
2498795
2498961
2499128
2499294
2499461
2499627
2499794
2500196
2500599
2501001
2501403
2501806
2502208
2502611
2503014
2503416
2503819
2504222
2504625
2505028
2505431
2505834
2506237
2506641
2507044
2507447
2507851
2508254
2508658
2509061
2509465
2509869
2510273
2510677
2511081
2511485
2511889
2512293
2512617
2512940
2513264
2513587
2513911
2514235
2514559
2514882
2515206
2515530
2515854
2516178
2516502
2516826
2517150
2517475
2517799
2518123
2518447
2518772
2519096
2519421
2519745
2520069
2520394
2520719
2521043
2521368
2521693
2522017
2522342
2522929
2523515
2524102
2524689
2525276
2525863
2526451
2527038
2527626
2528214
2528802
2529390
2529978
2530566
2531155
2531743
2532332
2532921
2533510
2534099
2534689
2535278
2535868
2536457
2537047
2537637
2538227
2538817
2539408
2539998
2540407
2540815
2541224
2541633
2542042
2542451
2542860
2543269
2543679
2544088
2544497
2544907
2545316
2545726
2546135
2546545
2546955
2547364
2547774
2548184
2548594
2549004
2549415
2549825
2550235
2550645
2551056
2551466
2551877
2552287
2552698
2553038
2553377
2553717
2554057
2554397
2554737
2555077
2555417
2555757
2556097
2556437
2556777
2557118
2557458
2557798
2558139
2558479
2558820
2559160
2559501
2559841
2560182
2560523
2560863
2561204
2561545
2561886
2562227
2562568
2562909
2562909
2562909
2562909
2562909
2562909
2562909
2562909
2562909
2562909
2562909
2562909
2562909
2562909
2562909
2562909
2562909
2562909
2562909
2562909
2562909
2562909
2562909
2562909
2562909
2562909
2562909
2562909
2562909
2562909
2562909
2562909
2562909
2562909
2562909
2562909
2562909
2562909
2562909
2562909
2562909
2562909
2562909
2562909
2562909
2562909
2562909
2562909
2562909
2562909
2562909
2562909
2562909
2562909
2562909
2562909
2562909
2562909
2562909
2562909
2562909
2562909
2562909
2563350
2563791
2564232
2564673
2565114
2565555
2565996
2566438
2566879
2567321
2567762
2568204
2568646
2569087
2569529
2569971
2570413
2570855
2571298
2571740
2572182
2572625
2573067
2573510
2573952
2574395
2574838
2575281
2575724
2575973
2576222
2576471
2576720
2576969
2577218
2577467
2577716
2577965
2578214
2578463
2578712
2578962
2579211
2579460
2579709
2579959
2580208
2580457
2580707
2580956
2581205
2581455
2581704
2581954
2582203
2582453
2582702
2582952
2583202
2583451
2583795
2584139
2584483
2584826
2585170
2585514
2585859
2586203
2586547
2586891
2587235
2587580
2587924
2588268
2588613
2588957
2589302
2589646
2589991
2590336
2590680
2591025
2591370
2591715
2592060
2592405
2592750
2593095
2593440
2593785
2594036
2594286
2594537
2594788
2595038
2595289
2595540
2595791
2596042
2596293
2596543
2596794
2597045
2597296
2597547
2597798
2598049
2598300
2598551
2598803
2599054
2599305
2599556
2599807
2600058
2600310
2600561
2600812
2601064
2601315
2601566
2601739
2601913
2602086
2602259
2602432
2602606
2602779
2602952
2603126
2603299
2603473
2603646
2603819
2603993
2604166
2604340
2604513
2604687
2604860
2605034
2605207
2605381
2605554
2605728
2605901
2606075
2606248
2606422
2606596
2606769
2607105
2607440
2607776
2608112
2608448
2608784
2609120
2609456
2609792
2610128
2610464
2610800
2611137
2611473
2611809
2612146
2612482
2612818
2613155
2613491
2613828
2614165
2614501
2614838
2615175
2615511
2615848
2616185
2616522
2616859
2617196
2617365
2617533
2617702
2617871
2618040
2618208
2618377
2618546
2618715
2618883
2619052
2619221
2619390
2619559
2619727
2619896
2620065
2620234
2620403
2620572
2620741
2620910
2621079
2621248
2621416
2621585
2621754
2621923
2622092
2622261
2622430
2622430
2622430
2622430
2622430
2622430
2622430
2622430
2622430
2622430
2622430
2622430
2622430
2622430
2622430
2622430
2622430
2622430
2622430
2622430
2622430
2622430
2622430
2622430
2622430
2622430
2622430
2622430
2622430
2622430
2622430
2622599
2622768
2622937
2623106
2623275
2623444
2623613
2623783
2623952
2624121
2624290
2624459
2624628
2624797
2624967
2625136
2625305
2625474
2625643
2625813
2625982
2626151
2626320
2626490
2626659
2626828
2626998
2627167
2627336
2627506
2627675
2627850
2628025
2628200
2628375
2628550
2628725
2628900
2629075
2629251
2629426
2629601
2629776
2629951
2630126
2630301
2630477
2630652
2630827
2631002
2631177
2631353
2631528
2631703
2631878
2632054
2632229
2632404
2632580
2632755
2632930
2633015
2633100
2633185
2633270
2633354
2633439
2633524
2633609
2633694
2633779
2633864
2633949
2634034
2634119
2634204
2634289
2634374
2634458
2634543
2634628
2634713
2634798
2634883
2634968
2635053
2635138
2635223
2635308
2635393
2635478
2635563
2635393
2635223
2635052
2634882
2634712
2634542
2634372
2634202
2634032
2633861
2633691
2633521
2633351
2633181
2633011
2632841
2632671
2632501
2632331
2632161
2631991
2631821
2631651
2631481
2631311
2631141
2630971
2630802
2630632
2630462
2630292
2630761
2631229
2631698
2632167
2632636
2633105
2633574
2634043
2634512
2634981
2635451
2635920
2636390
2636860
2637329
2637799
2638269
2638739
2639209
2639679
2640149
2640620
2641090
2641561
2642031
2642502
2642973
2643443
2643613
2643784
2643954
2644125
2644295
2644465
2644636
2644806
2644977
2645147
2645318
2645488
2645659
2645829
2646000
2646170
2646341
2646512
2646682
2646853
2647023
2647194
2647365
2647535
2647706
2647876
2648047
2648218
2648388
2648559
2648730
2649082
2649435
2649788
2650140
2650493
2650846
2651198
2651551
2651904
2652257
2652610
2652963
2653316
2653669
2654022
2654375
2654729
2655082
2655435
2655789
2656142
2656495
2656849
2657203
2657556
2657910
2658264
2658617
2658971
2659325
2659496
2659668
2659839
2660011
2660182
2660354
2660525
2660697
2660868
2661040
2661211
2661383
2661554
2661726
2661897
2662069
2662240
2662412
2662584
2662755
2662927
2663098
2663270
2663442
2663613
2663785
2663957
2664128
2664300
2664472
2664644
2664733
2664822
2664910
2664999
2665088
2665177
2665266
2665354
2665443
2665532
2665621
2665710
2665798
2665887
2665976
2666065
2666154
2666242
2666331
2666420
2666509
2666598
2666687
2666776
2666864
2666953
2667042
2667131
2667220
2667309
2666964
2666619
2666275
2665930
2665585
2665241
2664896
2664552
2664207
2663863
2663518
2663174
2662830
2662485
2662141
2661797
2661453
2661109
2660765
2660421
2660077
2659733
2659389
2659045
2658701
2658358
2658014
2657670
2657327
2656983
2656640
2656811
2656982
2657154
2657325
2657496
2657668
2657839
2658010
2658181
2658353
2658524
2658695
2658867
2659038
2659210
2659381
2659552
2659724
2659895
2660067
2660238
2660410
2660581
2660753
2660924
2661096
2661267
2661439
2661610
2661782
2661953
2662130
2662308
2662485
2662662
2662840
2663017
2663194
2663372
2663549
2663726
2663904
2664081
2664259
2664436
2664614
2664791
2664969
2665146
2665324
2665501
2665679
2665856
2666034
2666211
2666389
2666566
2666744
2666922
2667099
2667277
2667105
2666933
2666760
2666588
2666416
2666244
2666071
2665899
2665727
2665555
2665383
2665211
2665039
2664867
2664694
2664522
2664350
2664178
2664006
2663834
2663662
2663490
2663318
2663146
2662974
2662802
2662630
2662458
2662286
2662114
2661942
2662473
2663004
2663535
2664066
2664597
2665129
2665660
2666192
2666723
2667255
2667787
2668319
2668851
2669384
2669916
2670448
2670981
2671514
2672046
2672579
2673112
2673645
2674178
2674712
2675245
2675779
2676312
2676846
2677380
2677914
2678000
2678087
2678173
2678259
2678346
2678432
2678518
2678605
2678691
2678778
2678864
2678950
2679037
2679123
2679209
2679296
2679382
2679469
2679555
2679641
2679728
2679814
2679901
2679987
2680073
2680160
2680246
2680333
2680419
2680505
2680592
2680678
2680765
2680851
2680938
2681024
2681111
2681197
2681284
2681370
2681456
2681543
2681629
2681716
2681802
2681889
2681975
2682062
2682148
2682235
2682321
2682408
2682494
2682581
2682667
2682754
2682840
2682927
2683013
2683100
2683186
2683273
2683751
2684229
2684707
2685186
2685664
2686142
2686621
2687099
2687578
2688057
2688536
2689015
2689494
2689973
2690452
2690931
2691411
2691890
2692370
2692849
2693329
2693809
2694289
2694769
2695249
2695729
2696209
2696689
2696689
2696689
2696689
2696689
2696689
2696689
2696689
2696689
2696689
2696689
2696689
2696689
2696689
2696689
2696689
2696689
2696689
2696689
2696689
2696689
2696689
2696689
2696689
2696689
2696689
2696689
2696689
2696689
2696689
2696689
2696689
2696869
2697048
2697228
2697407
2697587
2697767
2697946
2698126
2698306
2698486
2698665
2698845
2699025
2699205
2699384
2699564
2699744
2699924
2700104
2700283
2700463
2700643
2700823
2701003
2701183
2701363
2701543
2701722
2701902
2702082
2702343
2702604
2702865
2703127
2703388
2703649
2703910
2704172
2704433
2704694
2704956
2705217
2705478
2705740
2706001
2706263
2706524
2706786
2707047
2707309
2707571
2707832
2708094
2708356
2708617
2708879
2709141
2709403
2709665
2709926
2710188
2710459
2710729
2711000
2711271
2711541
2711812
2712083
2712354
2712625
2712895
2713166
2713437
2713708
2713979
2714250
2714521
2714792
2715063
2715335
2715606
2715877
2716148
2716419
2716691
2716962
2717233
2717504
2717776
2718047
2718319
2718407
2718494
2718582
2718670
2718757
2718845
2718933
2719020
2719108
2719196
2719283
2719371
2719459
2719546
2719634
2719722
2719809
2719897
2719985
2720072
2720160
2720248
2720336
2720423
2720511
2720599
2720686
2720774
2720862
2720950
2721037
2721387
2721738
2722088
2722439
2722790
2723140
2723491
2723842
2724192
2724543
2724894
2725245
2725596
2725947
2726298
2726649
2727000
2727352
2727703
2728054
2728405
2728757
2729108
2729460
2729811
2730163
2730514
2730866
2731218
2731569
2731921
2732103
2732285
2732467
2732649
2732831
2733013
2733195
2733377
2733559
2733741
2733923
2734105
2734287
2734469
2734652
2734834
2735016
2735198
2735380
2735562
2735745
2735927
2736109
2736291
2736473
2736656
2736838
2737020
2737203
2737385
2737650
2737914
2738179
2738443
2738708
2738973
2739237
2739502
2739767
2740031
2740296
2740561
2740826
2741091
2741356
2741620
2741885
2742150
2742415
2742680
2742945
2743210
2743476
2743741
2744006
2744271
2744536
2744801
2745067
2745332
2745597
2745962
2746328
2746693
2747059
2747424
2747790
2748156
2748521
2748887
2749253
2749619
2749985
2750351
2750717
2751083
2751449
2751815
2752181
2752547
2752914
2753280
2753646
2754013
2754379
2754746
2755113
2755479
2755846
2756213
2756579
2756579
2756579
2756579
2756579
2756579
2756579
2756579
2756579
2756579
2756579
2756579
2756579
2756579
2756579
2756579
2756579
2756579
2756579
2756579
2756579
2756579
2756579
2756579
2756579
2756579
2756579
2756579
2756579
2756579
2756579
2756579
2756490
2756401
2756312
2756223
2756134
2756045
2755956
2755867
2755778
2755689
2755601
2755512
2755423
2755334
2755245
2755156
2755067
2754978
2754889
2754800
2754711
2754622
2754534
2754445
2754356
2754267
2754178
2754089
2754000
2753911
2753822
2753920
2754019
2754117
2754215
2754314
2754412
2754510
2754609
2754707
2754805
2754904
2755002
2755100
2755199
2755297
2755395
2755494
2755592
2755690
2755789
2755887
2755985
2756084
2756182
2756281
2756379
2756477
2756576
2756576
2756576
2756576
2756576
2756576
2756576
2756576
2756576
2756576
2756576
2756576
2756576
2756576
2756576
2756576
2756576
2756576
2756576
2756576
2756576
2756576
2756576
2756576
2756576
2756576
2756576
2756576
2756576
2756576
2756576
2756576
2757034
2757493
2757951
2758410
2758868
2759327
2759786
2760245
2760704
2761163
2761622
2762081
2762540
2762999
2763459
2763918
2764378
2764837
2765297
2765757
2766217
2766677
2767137
2767597
2768057
2768517
2768977
2769438
2769898
2770359
2770627
2770894
2771162
2771430
2771698
2771966
2772234
2772501
2772769
2773037
2773305
2773573
2773841
2774109
2774377
2774645
2774914
2775182
2775450
2775718
2775986
2776255
2776523
2776791
2777060
2777328
2777596
2777865
2778133
2778402
2778670
2779224
2779778
2780333
2780887
2781442
2781996
2782551
2783106
2783661
2784216
2784771
2785327
2785882
2786438
2786994
2787549
2788105
2788661
2789217
2789774
2790330
2790886
2791443
2792000
2792556
2793113
2793670
2794227
2794785
2795342
2795342
2795342
2795342
2795342
2795342
2795342
2795342
2795342
2795342
2795342
2795342
2795342
2795342
2795342
2795342
2795342
2795342
2795342
2795342
2795342
2795342
2795342
2795342
2795342
2795342
2795342
2795342
2795342
2795342
2795342
2795342
2795522
2795702
2795883
2796063
2796243
2796423
2796603
2796784
2796964
2797144
2797325
2797505
2797685
2797865
2798046
2798226
2798406
2798587
2798767
2798948
2799128
2799308
2799489
2799669
2799850
2800030
2800211
2800391
2800572
2800752
2800933
2801120
2801306
2801493
2801679
2801866
2802052
2802239
2802426
2802612
2802799
2802986
2803172
2803359
2803546
2803733
2803919
2804106
2804293
2804480
2804666
2804853
2805040
2805227
2805414
2805600
2805787
2805974
2806161
2806348
2806535
2806535
2806535
2806535
2806535
2806535
2806535
2806535
2806535
2806535
2806535
2806535
2806535
2806535
2806535
2806535
2806535
2806535
2806535
2806535
2806535
2806535
2806535
2806535
2806535
2806535
2806535
2806535
2806535
2806535
2806535
2806535
2807281
2808026
2808772
2809518
2810265
2811011
2811758
2812505
2813252
2813999
2814747
2815494
2816242
2816990
2817739
2818487
2819236
2819985
2820734
2821483
2822233
2822983
2823732
2824483
2825233
2825983
2826734
2827485
2828236
2828987
2829078
2829169
2829261
2829352
2829443
2829534
2829626
2829717
2829808
2829899
2829991
2830082
2830173
2830264
2830356
2830447
2830538
2830629
2830721
2830812
2830903
2830994
2831086
2831177
2831268
2831360
2831451
2831542
2831633
2831725
2831816
2831907
2831999
2832090
2832181
2832273
2832364
2832455
2832547
2832638
2832729
2832821
2832912
2833003
2833095
2833186
2833277
2833369
2833460
2833551
2833643
2833734
2833825
2833917
2834008
2834100
2834191
2834282
2834374
2834465
2834556
2834648
2835233
2835818
2836403
2836988
2837573
2838159
2838744
2839330
2839915
2840501
2841087
2841673
2842260
2842846
2843432
2844019
2844606
2845193
2845780
2846367
2846954
2847541
2848129
2848716
2849304
2849892
2850480
2851068
2851656
2852023
2852391
2852758
2853125
2853493
2853860
2854228
2854595
2854963
2855331
2855698
2856066
2856434
2856802
2857170
2857538
2857906
2858274
2858642
2859010
2859378
2859746
2860115
2860483
2860851
2861220
2861588
2861957
2862325
2862694
2863063
2863349
2863635
2863921
2864207
2864493
2864779
2865065
2865351
2865637
2865923
2866209
2866496
2866782
2867068
2867354
2867641
2867927
2868213
2868500
2868786
2869073
2869359
2869646
2869932
2870219
2870505
2870792
2871079
2871365
2871652
2871652
2871652
2871652
2871652
2871652
2871652
2871652
2871652
2871652
2871652
2871652
2871652
2871652
2871652
2871652
2871652
2871652
2871652
2871652
2871652
2871652
2871652
2871652
2871652
2871652
2871652
2871652
2871652
2871652
2871652
2871652
2871556
2871460
2871365
2871269
2871173
2871077
2870982
2870886
2870790
2870694
2870599
2870503
2870407
2870312
2870216
2870120
2870024
2869929
2869833
2869737
2869642
2869546
2869450
2869354
2869259
2869163
2869067
2868972
2868876
2868780
2868687
2868595
2868502
2868410
2868317
2868225
2868132
2868039
2867947
2867854
2867762
2867669
2867577
2867484
2867392
2867299
2867206
2867114
2867021
2866929
2866836
2866744
2866651
2866559
2866466
2866374
2866281
2866189
2866096
2866004
2865911
2866003
2866096
2866188
2866281
2866373
2866465
2866558
2866650
2866743
2866835
2866928
2867020
2867112
2867205
2867297
2867390
2867482
2867575
2867667
2867760
2867852
2867945
2868037
2868130
2868222
2868314
2868407
2868499
2868592
2868684
2868777
2868873
2868968
2869064
2869159
2869255
2869351
2869446
2869542
2869637
2869733
2869829
2869924
2870020
2870115
2870211
2870307
2870402
2870498
2870594
2870689
2870785
2870880
2870976
2871072
2871167
2871263
2871359
2871454
2871550
2871646
2872200
2872754
2873309
2873863
2874418
2874973
2875528
2876083
2876638
2877193
2877748
2878303
2878859
2879414
2879970
2880526
2881082
2881638
2882194
2882750
2883307
2883863
2884420
2884976
2885533
2886090
2886647
2887204
2887761
2888318
2888876
2889548
2890220
2890892
2891564
2892237
2892909
2893582
2894255
2894928
2895601
2896274
2896948
2897622
2898295
2898969
2899644
2900318
2900992
2901667
2902342
2903017
2903692
2904367
2905042
2905718
2906394
2907070
2907746
2908422
2909098
2909004
2908910
2908816
2908722
2908629
2908535
2908441
2908347
2908253
2908159
2908065
2907972
2907878
2907784
2907690
2907596
2907502
2907408
2907315
2907221
2907127
2907033
2906939
2906846
2906752
2906658
2906564
2906470
2906376
2906283
2906189
2906470
2906751
2907032
2907313
2907593
2907874
2908155
2908436
2908718
2908999
2909280
2909561
2909842
2910123
2910404
2910686
2910967
2911248
2911530
2911811
2912092
2912374
2912655
2912937
2913218
2913500
2913781
2914063
2914344
2914626
2914908
2915634
2916361
2917087
2917814
2918541
2919268
2919996
2920723
2921451
2922179
2922907
2923635
2924364
2925092
2925821
2926550
2927279
2928009
2928738
2929468
2930198
2930928
2931658
2932389
2933119
2933850
2934581
2935312
2935501
2935690
2935880
2936069
2936258
2936447
2936637
2936826
2937015
2937204
2937394
2937583
2937772
2937962
2938151
2938341
2938530
2938719
2938909
2939098
2939288
2939477
2939667
2939856
2940045
2940235
2940424
2940614
2940804
2940993
2941183
2941574
2941966
2942357
2942749
2943141
2943532
2943924
2944316
2944707
2945099
2945491
2945883
2946275
2946667
2947059
2947452
2947844
2948236
2948629
2949021
2949413
2949806
2950198
2950591
2950984
2951376
2951769
2952162
2952555
2952948
2953328
2953709
2954089
2954469
2954850
2955230
2955611
2955992
2956372
2956753
2957134
2957515
2957896
2958277
2958657
2959039
2959420
2959801
2960182
2960563
2960944
2961326
2961707
2962088
2962470
2962851
2963233
2963615
2963996
2964378
2964760
2965056
2965352
2965648
2965944
2966241
2966537
2966833
2967129
2967425
2967722
2968018
2968315
2968611
2968907
2969204
2969500
2969797
2970093
2970390
2970687
2970983
2971280
2971577
2971873
2972170
2972467
2972764
2973060
2973357
2973654
2973750
2973846
2973942
2974038
2974133
2974229
2974325
2974421
2974517
2974613
2974709
2974805
2974901
2974997
2975092
2975188
2975284
2975380
2975476
2975572
2975668
2975764
2975860
2975956
2976052
2976148
2976244
2976340
2976436
2976532
2976628
2977393
2978159
2978924
2979690
2980456
2981222
2981989
2982755
2983522
2984289
2985056
2985823
2986591
2987359
2988127
2988895
2989663
2990432
2991201
2991970
2992739
2993508
2994278
2995047
2995817
2996587
2997358
2998128
2998899
2999670
3000441
3000840
3001240
3001639
3002038
3002438
3002838
3003237
3003637
3004036
3004436
3004836
3005236
3005636
3006036
3006436
3006836
3007236
3007636
3008037
3008437
3008837
3009238
3009638
3010039
3010439
3010840
3011240
3011641
3012042
3012443
3013602
3014762
3015923
3017083
3018244
3019406
3020568
3021731
3022894
3024057
3025221
3026385
3027550
3028715
3029881
3031047
3032213
3033380
3034548
3035716
3036884
3038053
3039222
3040392
3041562
3042733
3043904
3045075
3046247
3047419
3048592
3049905
3051218
3052532
3053847
3055162
3056477
3057794
3059110
3060428
3061746
3063064
3064383
3065703
3067023
3068344
3069665
3070987
3072310
3073633
3074956
3076280
3077605
3078930
3080256
3081583
3082910
3084237
3085566
3086894
3088224
3088721
3089218
3089715
3090212
3090709
3091207
3091704
3092201
3092699
3093197
3093694
3094192
3094690
3095188
3095686
3096184
3096682
3097180
3097679
3098177
3098676
3099174
3099673
3100172
3100671
3101169
3101668
3102167
3102667
3103166
3103665
3104463
3105261
3106059
3106858
3107656
3108455
3109254
3110054
3110853
3111653
3112453
3113253
3114053
3114854
3115654
3116455
3117257
3118058
3118859
3119661
3120463
3121265
3122068
3122870
3123673
3124476
3125279
3126083
3126886
3127690
3128494
3129827
3131161
3132495
3133830
3135165
3136501
3137838
3139175
3140512
3141850
3143189
3144529
3145868
3147209
3148550
3149892
3151234
3152577
3153920
3155264
3156608
3157953
3159299
3160645
3161992
3163339
3164687
3166036
3166342
3166648
3166954
3167260
3167566
3167872
3168178
3168484
3168791
3169097
3169403
3169709
3170016
3170322
3170628
3170935
3171241
3171548
3171854
3172161
3172467
3172774
3173080
3173387
3173694
3174000
3174307
3174614
3174920
3175227
3175534
3177527
3179521
3181517
3183513
3185511
3187510
3189511
3191512
3193515
3195520
3197525
3199532
3201540
3203549
3205560
3207571
3209584
3211599
3213614
3215631
3217649
3219669
3221689
3223711
3225734
3227759
3229784
3231811
3233840
3235869
3237321
3238773
3240226
3241679
3243133
3244588
3246044
3247500
3248956
3250414
3251872
3253331
3254790
3256250
3257711
3259172
3260634
3262097
3263560
3265024
3266489
3267954
3269420
3270887
3272354
3273822
3275290
3276760
3278229
3279700
3281171
3282476
3283781
3285087
3286394
3287701
3289008
3290316
3291625
3292934
3294244
3295554
3296864
3298175
3299487
3300799
3302112
3303425
3304739
3306053
3307368
3308683
3309999
3311316
3312633
3313950
3315268
3316586
3317905
3319225
3320545
3321505
3322465
3323425
3324386
3325347
3326308
3327270
3328232
3329194
3330156
3331119
3332082
3333045
3334008
3334972
3335936
3336900
3337865
3338830
3339795
3340760
3341726
3342692
3343658
3344625
3345592
3346559
3347526
3348494
3349462
3350430
3351933
3353437
3354941
3356446
3357951
3359458
3360965
3362472
3363981
3365490
3366999
3368510
3370021
3371533
3373045
3374558
3376072
3377586
3379101
3380617
3382134
3383651
3385169
3386687
3388206
3389726
3391247
3392768
3394290
3395813
3397336
3398687
3400039
3401391
3402744
3404097
3405451
3406805
3408160
3409515
3410871
3412228
3413585
3414942
3416301
3417659
3419018
3420378
3421738
3423099
3424461
3425823
3427185
3428548
3429911
3431276
3432640
3434005
3435371
3436737
3438104
3439098
3440092
3441086
3442081
3443076
3444071
3445067
3446063
3447059
3448055
3449052
3450049
3451046
3452044
3453042
3454040
3455038
3456037
3457036
3458035
3459035
3460035
3461035
3462036
3463036
3464037
3465039
3466040
3467042
3468044
3469047
3469624
3470201
3470778
3471355
3471932
3472509
3473086
3473664
3474241
3474819
3475397
3475975
3476553
3477131
3477709
3478287
3478865
3479444
3480022
3480601
3481180
3481758
3482337
3482916
3483495
3484075
3484654
3485233
3485813
3486392
3487511
3488631
3489751
3490871
3491992
3493113
3494234
3495356
3496478
3497601
3498723
3499847
3500970
3502094
3503218
3504343
3505468
3506593
3507719
3508845
3509972
3511098
3512226
3513353
3514481
3515609
3516738
3517867
3518996
3520126
3521256
3521596
3521937
3522277
3522617
3522958
3523298
3523639
3523979
3524320
3524660
3525001
3525341
3525682
3526023
3526364
3526704
3527045
3527386
3527727
3528068
3528409
3528750
3529091
3529432
3529773
3530114
3530455
3530796
3531137
3531479
3531820
3532825
3533831
3534837
3535843
3536849
3537856
3538863
3539870
3540877
3541885
3542893
3543902
3544910
3545919
3546928
3547938
3548948
3549958
3550968
3551979
3552990
3554001
3555013
3556024
3557037
3558049
3559062
3560075
3559960
3559845
3559730
3559615
3559501
3559386
3559271
3559156
3559041
3558926
3558811
3558696
3558582
3558467
3558352
3558237
3558122
3558007
3557893
3557778
3557663
3557548
3557433
3557319
3557204
3557089
3556974
3556859
3556744
3556630
3556515
3557812
3559110
3560408
3561707
3563006
3564305
3565605
3566906
3568207
3569508
3570810
3572112
3573415
3574719
3576022
3577327
3578631
3579937
3581242
3582549
3583855
3585162
3586470
3587778
3589087
3590396
3591705
3593015
3594326
3595637
3595984
3596332
3596679
3597027
3597375
3597722
3598070
3598418
3598765
3599113
3599461
3599809
3600157
3600505
3600852
3601200
3601548
3601896
3602244
3602593
3602941
3603289
3603637
3603985
3604334
3604682
3605030
3605379
3605727
3606075
3606424
3606544
3606664
3606784
3606905
3607025
3607145
3607265
3607385
3607506
3607626
3607746
3607866
3607986
3608107
3608227
3608347
3608467
3608587
3608708
3608828
3608948
3609068
3609189
3609309
3609429
3609549
3609670
3609790
3609910
3610030
3609797
3609564
3609331
3609098
3608864
3608631
3608398
3608165
3607932
3607699
3607466
3607233
3607000
3606768
3606535
3606302
3606069
3605836
3605603
3605370
3605137
3604905
3604672
3604439
3604206
3603973
3603741
3603508
3603275
3603043
3602810
3603274
3603738
3604202
3604666
3605131
3605595
3606059
3606524
3606988
3607453
3607917
3608382
3608846
3609311
3609776
3610241
3610706
3611171
3611636
3612101
3612566
3613031
3613497
3613962
3614427
3614893
3615358
3615824
3616290
3616755
3617221
3617342
3617462
3617583
3617703
3617824
3617944
3618065
3618185
3618306
3618426
3618547
3618667
3618788
3618909
3619029
3619150
3619270
3619391
3619511
3619632
3619753
3619873
3619994
3620114
3620235
3620356
3620476
3620597
3620718
3620838
3621653
3622468
3623283
3624099
3624914
3625730
3626546
3627362
3628178
3628995
3629811
3630628
3631445
3632263
3633080
3633898
3634715
3635533
3636352
3637170
3637988
3638807
3639626
3640445
3641264
3642084
3642903
3643723
3644543
3645363
3646184
3646669
3647155
3647640
3648125
3648611
3649096
3649582
3650068
3650553
3651039
3651525
3652011
3652497
3652983
3653469
3653955
3654442
3654928
3655414
3655901
3656387
3656874
3657360
3657847
3658334
3658821
3659308
3659795
3660282
3660769
3661593
3662417
3663241
3664065
3664890
3665715
3666540
3667365
3668190
3669016
3669841
3670667
3671493
3672320
3673146
3673973
3674799
3675626
3676454
3677281
3678109
3678936
3679764
3680592
3681421
3682249
3683078
3683907
3684736
3685565
3686394
3685798
3685202
3684606
3684010
3683415
3682819
3682224
3681629
3681033
3680438
3679843
3679248
3678653
3678058
3677464
3676869
3676275
3675680
3675086
3674492
3673898
3673304
3672710
3672116
3671522
3670929
3670335
3669742
3669148
3668555
3667962
3668844
3669727
3670610
3671493
3672376
3673260
3674143
3675027
3675911
3676795
3677680
3678565
3679450
3680335
3681220
3682106
3682992
3683878
3684764
3685650
3686537
3687424
3688311
3689198
3690086
3690973
3691861
3692749
3693638
3694351
3695064
3695777
3696490
3697204
3697917
3698631
3699344
3700058
3700772
3701487
3702201
3702916
3703630
3704345
3705060
3705775
3706490
3707205
3707921
3708636
3709352
3710068
3710784
3711500
3712216
3712933
3713649
3714366
3715083
3715800
3716294
3716789
3717284
3717778
3718273
3718768
3719263
3719758
3720253
3720748
3721243
3721738
3722233
3722729
3723224
3723720
3724215
3724711
3725206
3725702
3726198
3726694
3727190
3727686
3728182
3728678
3729174
3729670
3730167
3730663
3731263
3731864
3732464
3733065
3733665
3734266
3734867
3735468
3736069
3736670
3737271
3737873
3738474
3739076
3739677
3740279
3740881
3741483
3742085
3742687
3743289
3743891
3744494
3745096
3745699
3746301
3746904
3747507
3748110
3748713
3749316
3749690
3750065
3750439
3750814
3751188
3751563
3751938
3752312
3752687
3753062
3753436
3753811
3754186
3754561
3754936
3755311
3755686
3756061
3756436
3756811
3757186
3757561
3757936
3758312
3758687
3759062
3759438
3759813
3760188
3760564
3760443
3760321
3760200
3760079
3759957
3759836
3759715
3759593
3759472
3759351
3759229
3759108
3758987
3758865
3758744
3758623
3758501
3758380
3758259
3758137
3758016
3757895
3757774
3757652
3757531
3757410
3757288
3757167
3757046
3756925
3756803
3757648
3758494
3759340
3760186
3761032
3761879
3762725
3763572
3764419
3765266
3766113
3766961
3767809
3768657
3769505
3770353
3771202
3772050
3772899
3773748
3774597
3775447
3776297
3777146
3777996
3778847
3779697
3780548
3781398
3782249
3783101
3783479
3783857
3784234
3784612
3784990
3785368
3785746
3786124
3786502
3786880
3787258
3787637
3788015
3788393
3788771
3789150
3789528
3789907
3790285
3790663
3791042
3791420
3791799
3792178
3792556
3792935
3793314
3793693
3794071
3794450
3794572
3794695
3794817
3794939
3795062
3795184
3795306
3795429
3795551
3795674
3795796
3795918
3796041
3796163
3796286
3796408
3796530
3796653
3796775
3796898
3797020
3797142
3797265
3797387
3797510
3797632
3797755
3797877
3798000
3798122
3798244
3799504
3800764
3802025
3803287
3804548
3805810
3807073
3808336
3809599
3810863
3812127
3813392
3814657
3815922
3817188
3818454
3819721
3820988
3822256
3823524
3824792
3826061
3827330
3828600
3829870
3831140
3832411
3833683
3834954
3836226
3836473
3836721
3836968
3837215
3837462
3837710
3837957
3838205
3838452
3838699
3838947
3839194
3839442
3839689
3839937
3840184
3840432
3840679
3840927
3841174
3841422
3841669
3841917
3842165
3842412
3842660
3842908
3843155
3843403
3843651
3843898
3843650
3843402
3843153
3842905
3842657
3842409
3842161
3841913
3841664
3841416
3841168
3840920
3840672
3840424
3840176
3839928
3839680
3839432
3839184
3838936
3838688
3838441
3838193
3837945
3837697
3837449
3837201
3836954
3836706
3836458
3836210
3837709
3839209
3840709
3842210
3843712
3845214
3846716
3848220
3849723
3851228
3852733
3854238
3855745
3857251
3858759
3860267
3861775
3863284
3864794
3866305
3867815
3869327
3870839
3872352
3873865
3875379
3876893
3878408
3878907
3879407
3879907
3880406
3880906
3881406
3881906
3882406
3882906
3883406
3883906
3884406
3884906
3885406
3885907
3886407
3886908
3887408
3887909
3888410
3888910
3889411
3889912
3890413
3890914
3891415
3891916
3892418
3892919
3893420
3893922
3894569
3895217
3895865
3896512
3897160
3897808
3898456
3899104
3899753
3900401
3901050
3901698
3902347
3902996
3903645
3904294
3904943
3905592
3906241
3906891
3907541
3908190
3908840
3909490
3910140
3910790
3911440
3912091
3912741
3913392
3913644
3913896
3914149
3914401
3914653
3914906
3915158
3915410
3915663
3915915
3916167
3916420
3916672
3916925
3917177
3917430
3917682
3917935
3918187
3918440
3918692
3918945
3919197
3919450
3919703
3919955
3920208
3920461
3920713
3920966
3921219
3921480
3921741
3922003
3922264
3922525
3922786
3923048
3923309
3923570
3923831
3924093
3924354
3924615
3924877
3925138
3925400
3925661
3925923
3926184
3926446
3926707
3926969
3927230
3927492
3927753
3928015
3928276
3928538
3928800
3929061
3928553
3928045
3927537
3927030
3926522
3926014
3925507
3924999
3924492
3923984
3923477
3922970
3922463
3921956
3921448
3920942
3920435
3919928
3919421
3918914
3918408
3917901
3917395
3916888
3916382
3915875
3915369
3914863
3914357
3913851
3913345
3914476
3915608
3916740
3917872
3919004
3920137
3921270
3922404
3923538
3924672
3925806
3926941
3928076
3929212
3930348
3931484
3932620
3933757
3934894
3936032
3937169
3938307
3939446
3940585
3941724
3942863
3944003
3945143
3946283
3947424
3948565
3948565
3948565
3948565
3948565
3948565
3948565
3948565
3948565
3948565
3948565
3948565
3948565
3948565
3948565
3948565
3948565
3948565
3948565
3948565
3948565
3948565
3948565
3948565
3948565
3948565
3948565
3948565
3948565
3948565
3948565
3949074
3949582
3950091
3950599
3951108
3951617
3952126
3952635
3953144
3953653
3954162
3954671
3955181
3955690
3956200
3956709
3957219
3957728
3958238
3958748
3959257
3959767
3960277
3960787
3961297
3961808
3962318
3962828
3963338
3963849
3964359
3964359
3964359
3964359
3964359
3964359
3964359
3964359
3964359
3964359
3964359
3964359
3964359
3964359
3964359
3964359
3964359
3964359
3964359
3964359
3964359
3964359
3964359
3964359
3964359
3964359
3964359
3964359
3964359
3964359
3964359
3964742
3965125
3965508
3965892
3966275
3966658
3967041
3967425
3967808
3968192
3968575
3968959
3969342
3969726
3970109
3970493
3970877
3971260
3971644
3972028
3972412
3972796
3973179
3973563
3973947
3974331
3974715
3975100
3975484
3975868
3976252
3975995
3975738
3975482
3975225
3974968
3974712
3974455
3974198
3973942
3973685
3973428
3973172
3972915
3972659
3972402
3972145
3971889
3971632
3971376
3971120
3970863
3970607
3970350
3970094
3969837
3969581
3969325
3969068
3968812
3968556
3968299
3968865
3969431
3969997
3970563
3971129
3971695
3972261
3972828
3973394
3973961
3974527
3975094
3975661
3976228
3976795
3977362
3977929
3978496
3979063
3979631
3980198
3980765
3981333
3981901
3982468
3983036
3983604
3984172
3984172
3984172
3984172
3984172
3984172
3984172
3984172
3984172
3984172
3984172
3984172
3984172
3984172
3984172
3984172
3984172
3984172
3984172
3984172
3984172
3984172
3984172
3984172
3984172
3984172
3984172
3984172
3984172
3984172
3984172
3984172
3985494
3986816
3988138
3989461
3990785
3992109
3993433
3994758
3996083
3997409
3998735
4000061
4001388
4002715
4004043
4005372
4006700
4008029
4009359
4010689
4012020
4013350
4014682
4016014
4017346
4018679
4020012
4021345
4022679
4024014
4025691
4027369
4029047
4030726
4032406
4034086
4035767
4037449
4039132
4040815
4042499
4044184
4045869
4047555
4049242
4050929
4052618
4054307
4055996
4057686
4059377
4061069
4062762
4064455
4066148
4067843
4069538
4071234
4072931
4074628
4076326
4076597
4076869
4077141
4077412
4077684
4077955
4078227
4078498
4078770
4079042
4079313
4079585
4079857
4080129
4080400
4080672
4080944
4081216
4081487
4081759
4082031
4082303
4082575
4082847
4083119
4083391
4083663
4083935
4084207
4084479
4084479
4084479
4084479
4084479
4084479
4084479
4084479
4084479
4084479
4084479
4084479
4084479
4084479
4084479
4084479
4084479
4084479
4084479
4084479
4084479
4084479
4084479
4084479
4084479
4084479
4084479
4084479
4084479
4084479
4084479
4084479
4084611
4084742
4084874
4085006
4085138
4085269
4085401
4085533
4085664
4085796
4085928
4086060
4086191
4086323
4086455
4086587
4086718
4086850
4086982
4087114
4087245
4087377
4087509
4087641
4087773
4087904
4088036
4088168
4088300
4088432
4088563
4089378
4090194
4091010
4091825
4092641
4093458
4094274
4095090
4095907
4096724
4097541
4098358
4099175
4099993
4100810
4101628
4102446
4103264
4104082
4104901
4105720
4106538
4107357
4108176
4108996
4109815
4110635
4111454
4112274
4113094
